,Pokemon_Id,Hp_Stat,Hp_Effort,Attack_Stat,Attack_Effort,Defense_Stat,Defense_Effort,Special_Attack_Stat,Special_Attack_Effort,Special_Defense_Stat,Special_Defense_Effort,Speed_Stat,Speed_Effort,Accuracy_Stat,Accuracy_Effort,Evasion_Stat,Evasion_Effort
0,1,45,0,49,0,49,0,65,1,65,0,45,0,,,,
1,2,60,0,62,0,63,0,80,1,80,1,60,0,,,,
2,3,80,0,82,0,83,0,100,2,100,1,80,0,,,,
3,4,39,0,52,0,43,0,60,0,50,0,65,1,,,,
4,5,58,0,64,0,58,0,80,1,65,0,80,1,,,,
5,6,78,0,84,0,78,0,109,3,85,0,100,0,,,,
6,7,44,0,48,0,65,1,50,0,64,0,43,0,,,,
7,8,59,0,63,0,80,1,65,0,80,1,58,0,,,,
8,9,79,0,83,0,100,0,85,0,105,3,78,0,,,,
9,10,45,1,30,0,35,0,20,0,20,0,45,0,,,,
10,11,50,0,20,0,55,2,25,0,25,0,30,0,,,,
11,12,60,0,45,0,50,0,90,2,80,1,70,0,,,,
12,13,40,0,35,0,30,0,20,0,20,0,50,1,,,,
13,14,45,0,25,0,50,2,25,0,25,0,35,0,,,,
14,15,65,0,90,2,40,0,45,0,80,1,75,0,,,,
15,16,40,0,45,0,40,0,35,0,35,0,56,1,,,,
16,17,63,0,60,0,55,0,50,0,50,0,71,2,,,,
17,18,83,0,80,0,75,0,70,0,70,0,101,3,,,,
18,19,30,0,56,0,35,0,25,0,35,0,72,1,,,,
19,20,55,0,81,0,60,0,50,0,70,0,97,2,,,,
20,21,40,0,60,0,30,0,31,0,31,0,70,1,,,,
21,22,65,0,90,0,65,0,61,0,61,0,100,2,,,,
22,23,35,0,60,1,44,0,40,0,54,0,55,0,,,,
23,24,60,0,95,2,69,0,65,0,79,0,80,0,,,,
24,25,35,0,55,0,40,0,50,0,50,0,90,2,,,,
25,26,60,0,90,0,55,0,90,0,80,0,110,3,,,,
26,27,50,0,75,0,85,1,20,0,30,0,40,0,,,,
27,28,75,0,100,0,110,2,45,0,55,0,65,0,,,,
28,29,55,1,47,0,52,0,40,0,40,0,41,0,,,,
29,30,70,2,62,0,67,0,55,0,55,0,56,0,,,,
30,31,90,3,92,0,87,0,75,0,85,0,76,0,,,,
31,32,46,0,57,1,40,0,40,0,40,0,50,0,,,,
32,33,61,0,72,2,57,0,55,0,55,0,65,0,,,,
33,34,81,0,102,3,77,0,85,0,75,0,85,0,,,,
34,35,70,2,45,0,48,0,60,0,65,0,35,0,,,,
35,36,95,3,70,0,73,0,95,0,90,0,60,0,,,,
36,37,38,0,41,0,40,0,50,0,65,0,65,1,,,,
37,38,73,0,76,0,75,0,81,0,100,1,100,1,,,,
38,39,115,2,45,0,20,0,45,0,25,0,20,0,,,,
39,40,140,3,70,0,45,0,85,0,50,0,45,0,,,,
40,41,40,0,45,0,35,0,30,0,40,0,55,1,,,,
41,42,75,0,80,0,70,0,65,0,75,0,90,2,,,,
42,43,45,0,50,0,55,0,75,1,65,0,30,0,,,,
43,44,60,0,65,0,70,0,85,2,75,0,40,0,,,,
44,45,75,0,80,0,85,0,110,3,90,0,50,0,,,,
45,46,35,0,70,1,55,0,45,0,55,0,25,0,,,,
46,47,60,0,95,2,80,1,60,0,80,0,30,0,,,,
47,48,60,0,55,0,50,0,40,0,55,1,45,0,,,,
48,49,70,0,65,0,60,0,90,1,75,0,90,1,,,,
49,50,10,0,55,0,25,0,35,0,45,0,95,1,,,,
50,51,35,0,100,0,50,0,50,0,70,0,120,2,,,,
51,52,40,0,45,0,35,0,40,0,40,0,90,1,,,,
52,53,65,0,70,0,60,0,65,0,65,0,115,2,,,,
53,54,50,0,52,0,48,0,65,1,50,0,55,0,,,,
54,55,80,0,82,0,78,0,95,2,80,0,85,0,,,,
55,56,40,0,80,1,35,0,35,0,45,0,70,0,,,,
56,57,65,0,105,2,60,0,60,0,70,0,95,0,,,,
57,58,55,0,70,1,45,0,70,0,50,0,60,0,,,,
58,59,90,0,110,2,80,0,100,0,80,0,95,0,,,,
59,60,40,0,50,0,40,0,40,0,40,0,90,1,,,,
60,61,65,0,65,0,65,0,50,0,50,0,90,2,,,,
61,62,90,0,95,0,95,3,70,0,90,0,70,0,,,,
62,63,25,0,20,0,15,0,105,1,55,0,90,0,,,,
63,64,40,0,35,0,30,0,120,2,70,0,105,0,,,,
64,65,55,0,50,0,45,0,135,3,95,0,120,0,,,,
65,66,70,0,80,1,50,0,35,0,35,0,35,0,,,,
66,67,80,0,100,2,70,0,50,0,60,0,45,0,,,,
67,68,90,0,130,3,80,0,65,0,85,0,55,0,,,,
68,69,50,0,75,1,35,0,70,0,30,0,40,0,,,,
69,70,65,0,90,2,50,0,85,0,45,0,55,0,,,,
70,71,80,0,105,3,65,0,100,0,70,0,70,0,,,,
71,72,40,0,40,0,35,0,50,0,100,1,70,0,,,,
72,73,80,0,70,0,65,0,80,0,120,2,100,0,,,,
73,74,40,0,80,0,100,1,30,0,30,0,20,0,,,,
74,75,55,0,95,0,115,2,45,0,45,0,35,0,,,,
75,76,80,0,120,0,130,3,55,0,65,0,45,0,,,,
76,77,50,0,85,0,55,0,65,0,65,0,90,1,,,,
77,78,65,0,100,0,70,0,80,0,80,0,105,2,,,,
78,79,90,1,65,0,65,0,40,0,40,0,15,0,,,,
79,80,95,0,75,0,110,2,100,0,80,0,30,0,,,,
80,81,25,0,35,0,70,0,95,1,55,0,45,0,,,,
81,82,50,0,60,0,95,0,120,2,70,0,70,0,,,,
82,83,52,0,90,1,55,0,58,0,62,0,60,0,,,,
83,84,35,0,85,1,45,0,35,0,35,0,75,0,,,,
84,85,60,0,110,2,70,0,60,0,60,0,110,0,,,,
85,86,65,0,45,0,55,0,45,0,70,1,45,0,,,,
86,87,90,0,70,0,80,0,70,0,95,2,70,0,,,,
87,88,80,1,80,0,50,0,40,0,50,0,25,0,,,,
88,89,105,1,105,1,75,0,65,0,100,0,50,0,,,,
89,90,30,0,65,0,100,1,45,0,25,0,40,0,,,,
90,91,50,0,95,0,180,2,85,0,45,0,70,0,,,,
91,92,30,0,35,0,30,0,100,1,35,0,80,0,,,,
92,93,45,0,50,0,45,0,115,2,55,0,95,0,,,,
93,94,60,0,65,0,60,0,130,3,75,0,110,0,,,,
94,95,35,0,45,0,160,1,30,0,45,0,70,0,,,,
95,96,60,0,48,0,45,0,43,0,90,1,42,0,,,,
96,97,85,0,73,0,70,0,73,0,115,2,67,0,,,,
97,98,30,0,105,1,90,0,25,0,25,0,50,0,,,,
98,99,55,0,130,2,115,0,50,0,50,0,75,0,,,,
99,100,40,0,30,0,50,0,55,0,55,0,100,1,,,,
100,101,60,0,50,0,70,0,80,0,80,0,150,2,,,,
101,102,60,0,40,0,80,1,60,0,45,0,40,0,,,,
102,103,95,0,95,0,85,0,125,2,75,0,55,0,,,,
103,104,50,0,50,0,95,1,40,0,50,0,35,0,,,,
104,105,60,0,80,0,110,2,50,0,80,0,45,0,,,,
105,106,50,0,120,2,53,0,35,0,110,0,87,0,,,,
106,107,50,0,105,0,79,0,35,0,110,2,76,0,,,,
107,108,90,2,55,0,75,0,60,0,75,0,30,0,,,,
108,109,40,0,65,0,95,1,60,0,45,0,35,0,,,,
109,110,65,0,90,0,120,2,85,0,70,0,60,0,,,,
110,111,80,0,85,0,95,1,30,0,30,0,25,0,,,,
111,112,105,0,130,2,120,0,45,0,45,0,40,0,,,,
112,113,250,2,5,0,5,0,35,0,105,0,50,0,,,,
113,114,65,0,55,0,115,1,100,0,40,0,60,0,,,,
114,115,105,2,95,0,80,0,40,0,80,0,90,0,,,,
115,116,30,0,40,0,70,0,70,1,25,0,60,0,,,,
116,117,55,0,65,0,95,1,95,1,45,0,85,0,,,,
117,118,45,0,67,1,60,0,35,0,50,0,63,0,,,,
118,119,80,0,92,2,65,0,65,0,80,0,68,0,,,,
119,120,30,0,45,0,55,0,70,0,55,0,85,1,,,,
120,121,60,0,75,0,85,0,100,0,85,0,115,2,,,,
121,122,40,0,45,0,65,0,100,0,120,2,90,0,,,,
122,123,70,0,110,1,80,0,55,0,80,0,105,0,,,,
123,124,65,0,50,0,35,0,115,2,95,0,95,0,,,,
124,125,65,0,83,0,57,0,95,0,85,0,105,2,,,,
125,126,65,0,95,0,57,0,100,2,85,0,93,0,,,,
126,127,65,0,125,2,100,0,55,0,70,0,85,0,,,,
127,128,75,0,100,1,95,0,40,0,70,0,110,1,,,,
128,129,20,0,10,0,55,0,15,0,20,0,80,1,,,,
129,130,95,0,125,2,79,0,60,0,100,0,81,0,,,,
130,131,130,2,85,0,80,0,85,0,95,0,60,0,,,,
131,132,48,1,48,0,48,0,48,0,48,0,48,0,,,,
132,133,55,0,55,0,50,0,45,0,65,1,55,0,,,,
133,134,130,2,65,0,60,0,110,0,95,0,65,0,,,,
134,135,65,0,65,0,60,0,110,0,95,0,130,2,,,,
135,136,65,0,130,2,60,0,95,0,110,0,65,0,,,,
136,137,65,0,60,0,70,0,85,1,75,0,40,0,,,,
137,138,35,0,40,0,100,1,90,0,55,0,35,0,,,,
138,139,70,0,60,0,125,2,115,0,70,0,55,0,,,,
139,140,30,0,80,0,90,1,55,0,45,0,55,0,,,,
140,141,60,0,115,2,105,0,65,0,70,0,80,0,,,,
141,142,80,0,105,0,65,0,60,0,75,0,130,2,,,,
142,143,160,2,110,0,65,0,65,0,110,0,30,0,,,,
143,144,90,0,85,0,100,0,95,0,125,3,85,0,,,,
144,145,90,0,90,0,85,0,125,3,90,0,100,0,,,,
145,146,90,0,100,0,90,0,125,3,85,0,90,0,,,,
146,147,41,0,64,1,45,0,50,0,50,0,50,0,,,,
147,148,61,0,84,2,65,0,70,0,70,0,70,0,,,,
148,149,91,0,134,3,95,0,100,0,100,0,80,0,,,,
149,150,106,0,110,0,90,0,154,3,90,0,130,0,,,,
150,151,100,3,100,0,100,0,100,0,100,0,100,0,,,,
151,152,45,0,49,0,65,0,49,0,65,1,45,0,,,,
152,153,60,0,62,0,80,1,63,0,80,1,60,0,,,,
153,154,80,0,82,0,100,1,83,0,100,2,80,0,,,,
154,155,39,0,52,0,43,0,60,0,50,0,65,1,,,,
155,156,58,0,64,0,58,0,80,1,65,0,80,1,,,,
156,157,78,0,84,0,78,0,109,3,85,0,100,0,,,,
157,158,50,0,65,1,64,0,44,0,48,0,43,0,,,,
158,159,65,0,80,1,80,1,59,0,63,0,58,0,,,,
159,160,85,0,105,2,100,1,79,0,83,0,78,0,,,,
160,161,35,0,46,1,34,0,35,0,45,0,20,0,,,,
161,162,85,0,76,0,64,0,45,0,55,0,90,2,,,,
162,163,60,1,30,0,30,0,36,0,56,0,50,0,,,,
163,164,100,2,50,0,50,0,86,0,96,0,70,0,,,,
164,165,40,0,20,0,30,0,40,0,80,1,55,0,,,,
165,166,55,0,35,0,50,0,55,0,110,2,85,0,,,,
166,167,40,0,60,1,40,0,40,0,40,0,30,0,,,,
167,168,70,0,90,2,70,0,60,0,70,0,40,0,,,,
168,169,85,0,90,0,80,0,70,0,80,0,130,3,,,,
169,170,75,1,38,0,38,0,56,0,56,0,67,0,,,,
170,171,125,2,58,0,58,0,76,0,76,0,67,0,,,,
171,172,20,0,40,0,15,0,35,0,35,0,60,1,,,,
172,173,50,0,25,0,28,0,45,0,55,1,15,0,,,,
173,174,90,1,30,0,15,0,40,0,20,0,15,0,,,,
174,175,35,0,20,0,65,0,40,0,65,1,20,0,,,,
175,176,55,0,40,0,85,0,80,0,105,2,40,0,,,,
176,177,40,0,50,0,45,0,70,1,45,0,70,0,,,,
177,178,65,0,75,0,70,0,95,1,70,0,95,1,,,,
178,179,55,0,40,0,40,0,65,1,45,0,35,0,,,,
179,180,70,0,55,0,55,0,80,2,60,0,45,0,,,,
180,181,90,0,75,0,85,0,115,3,90,0,55,0,,,,
181,182,75,0,80,0,95,0,90,0,100,3,50,0,,,,
182,183,70,2,20,0,50,0,20,0,50,0,40,0,,,,
183,184,100,3,50,0,80,0,60,0,80,0,50,0,,,,
184,185,70,0,100,0,115,2,30,0,65,0,30,0,,,,
185,186,90,0,75,0,75,0,90,0,100,3,70,0,,,,
186,187,35,0,35,0,40,0,35,0,55,1,50,0,,,,
187,188,55,0,45,0,50,0,45,0,65,0,80,2,,,,
188,189,75,0,55,0,70,0,55,0,95,0,110,3,,,,
189,190,55,0,70,0,55,0,40,0,55,0,85,1,,,,
190,191,30,0,30,0,30,0,30,1,30,0,30,0,,,,
191,192,75,0,75,0,55,0,105,2,85,0,30,0,,,,
192,193,65,0,65,0,45,0,75,0,45,0,95,1,,,,
193,194,55,1,45,0,45,0,25,0,25,0,15,0,,,,
194,195,95,2,85,0,85,0,65,0,65,0,35,0,,,,
195,196,65,0,65,0,60,0,130,2,95,0,110,0,,,,
196,197,95,0,65,0,110,0,60,0,130,2,65,0,,,,
197,198,60,0,85,0,42,0,85,0,42,0,91,1,,,,
198,199,95,0,75,0,80,0,100,0,110,2,30,0,,,,
199,200,60,0,60,0,60,0,85,0,85,1,85,0,,,,
200,201,48,0,72,1,48,0,72,1,48,0,48,0,,,,
201,202,190,2,33,0,58,0,33,0,58,0,33,0,,,,
202,203,70,0,80,0,65,0,90,2,65,0,85,0,,,,
203,204,50,0,65,0,90,1,35,0,35,0,15,0,,,,
204,205,75,0,90,0,140,2,60,0,60,0,40,0,,,,
205,206,100,1,70,0,70,0,65,0,65,0,45,0,,,,
206,207,65,0,75,0,105,1,35,0,65,0,85,0,,,,
207,208,75,0,85,0,200,2,55,0,65,0,30,0,,,,
208,209,60,0,80,1,50,0,40,0,40,0,30,0,,,,
209,210,90,0,120,2,75,0,60,0,60,0,45,0,,,,
210,211,65,0,95,1,85,0,55,0,55,0,85,0,,,,
211,212,70,0,130,2,100,0,55,0,80,0,65,0,,,,
212,213,20,0,10,0,230,1,10,0,230,1,5,0,,,,
213,214,80,0,125,2,75,0,40,0,95,0,85,0,,,,
214,215,55,0,95,0,55,0,35,0,75,0,115,1,,,,
215,216,60,0,80,1,50,0,50,0,50,0,40,0,,,,
216,217,90,0,130,2,75,0,75,0,75,0,55,0,,,,
217,218,40,0,40,0,40,0,70,1,40,0,20,0,,,,
218,219,60,0,50,0,120,2,90,0,80,0,30,0,,,,
219,220,50,0,50,1,40,0,30,0,30,0,50,0,,,,
220,221,100,1,100,1,80,0,60,0,60,0,50,0,,,,
221,222,65,0,55,0,95,1,65,0,95,1,35,0,,,,
222,223,35,0,65,0,35,0,65,1,35,0,65,0,,,,
223,224,75,0,105,1,75,0,105,1,75,0,45,0,,,,
224,225,45,0,55,0,45,0,65,0,45,0,75,1,,,,
225,226,85,0,40,0,70,0,80,0,140,2,70,0,,,,
226,227,65,0,80,0,140,2,40,0,70,0,70,0,,,,
227,228,45,0,60,0,30,0,80,1,50,0,65,0,,,,
228,229,75,0,90,0,50,0,110,2,80,0,95,0,,,,
229,230,75,0,95,1,95,0,95,1,95,1,85,0,,,,
230,231,90,1,60,0,60,0,40,0,40,0,40,0,,,,
231,232,90,0,120,1,120,1,60,0,60,0,50,0,,,,
232,233,85,0,80,0,90,0,105,2,95,0,60,0,,,,
233,234,73,0,95,1,62,0,85,0,65,0,85,0,,,,
234,235,55,0,20,0,35,0,20,0,45,0,75,1,,,,
235,236,35,0,35,1,35,0,35,0,35,0,35,0,,,,
236,237,50,0,95,0,95,0,35,0,110,2,70,0,,,,
237,238,45,0,30,0,15,0,85,1,65,0,65,0,,,,
238,239,45,0,63,0,37,0,65,0,55,0,95,1,,,,
239,240,45,0,75,0,37,0,70,0,55,0,83,1,,,,
240,241,95,0,80,0,105,2,40,0,70,0,100,0,,,,
241,242,255,3,10,0,10,0,75,0,135,0,55,0,,,,
242,243,90,0,85,0,75,0,115,1,100,0,115,2,,,,
243,244,115,1,115,2,85,0,90,0,75,0,100,0,,,,
244,245,100,0,75,0,115,1,90,0,115,2,85,0,,,,
245,246,50,0,64,1,50,0,45,0,50,0,41,0,,,,
246,247,70,0,84,2,70,0,65,0,70,0,51,0,,,,
247,248,100,0,134,3,110,0,95,0,100,0,61,0,,,,
248,249,106,0,90,0,130,0,90,0,154,3,110,0,,,,
249,250,106,0,130,0,90,0,110,0,154,3,90,0,,,,
250,251,100,3,100,0,100,0,100,0,100,0,100,0,,,,
251,252,40,0,45,0,35,0,65,0,55,0,70,1,,,,
252,253,50,0,65,0,45,0,85,0,65,0,95,2,,,,
253,254,70,0,85,0,65,0,105,0,85,0,120,3,,,,
254,255,45,0,60,0,40,0,70,1,50,0,45,0,,,,
255,256,60,0,85,1,60,0,85,1,60,0,55,0,,,,
256,257,80,0,120,3,70,0,110,0,70,0,80,0,,,,
257,258,50,0,70,1,50,0,50,0,50,0,40,0,,,,
258,259,70,0,85,2,70,0,60,0,70,0,50,0,,,,
259,260,100,0,110,3,90,0,85,0,90,0,60,0,,,,
260,261,35,0,55,1,35,0,30,0,30,0,35,0,,,,
261,262,70,0,90,2,70,0,60,0,60,0,70,0,,,,
262,263,38,0,30,0,41,0,30,0,41,0,60,1,,,,
263,264,78,0,70,0,61,0,50,0,61,0,100,2,,,,
264,265,45,1,45,0,35,0,20,0,30,0,20,0,,,,
265,266,50,0,35,0,55,2,25,0,25,0,15,0,,,,
266,267,60,0,70,0,50,0,100,3,50,0,65,0,,,,
267,268,50,0,35,0,55,2,25,0,25,0,15,0,,,,
268,269,60,0,50,0,70,0,50,0,90,3,65,0,,,,
269,270,40,0,30,0,30,0,40,0,50,1,30,0,,,,
270,271,60,0,50,0,50,0,60,0,70,2,50,0,,,,
271,272,80,0,70,0,70,0,90,0,100,3,70,0,,,,
272,273,40,0,40,0,50,1,30,0,30,0,30,0,,,,
273,274,70,0,70,2,40,0,60,0,40,0,60,0,,,,
274,275,90,0,100,3,60,0,90,0,60,0,80,0,,,,
275,276,40,0,55,0,30,0,30,0,30,0,85,1,,,,
276,277,60,0,85,0,60,0,75,0,50,0,125,2,,,,
277,278,40,0,30,0,30,0,55,0,30,0,85,1,,,,
278,279,60,0,50,0,100,2,95,0,70,0,65,0,,,,
279,280,28,0,25,0,25,0,45,1,35,0,40,0,,,,
280,281,38,0,35,0,35,0,65,2,55,0,50,0,,,,
281,282,68,0,65,0,65,0,125,3,115,0,80,0,,,,
282,283,40,0,30,0,32,0,50,0,52,0,65,1,,,,
283,284,70,0,60,0,62,0,100,1,82,1,80,0,,,,
284,285,60,1,40,0,60,0,40,0,60,0,35,0,,,,
285,286,60,0,130,2,80,0,60,0,60,0,70,0,,,,
286,287,60,1,60,0,60,0,35,0,35,0,30,0,,,,
287,288,80,0,80,0,80,0,55,0,55,0,90,2,,,,
288,289,150,3,160,0,100,0,95,0,65,0,100,0,,,,
289,290,31,0,45,0,90,1,30,0,30,0,40,0,,,,
290,291,61,0,90,0,45,0,50,0,50,0,160,2,,,,
291,292,1,2,90,0,45,0,30,0,30,0,40,0,,,,
292,293,64,1,51,0,23,0,51,0,23,0,28,0,,,,
293,294,84,2,71,0,43,0,71,0,43,0,48,0,,,,
294,295,104,3,91,0,63,0,91,0,73,0,68,0,,,,
295,296,72,1,60,0,30,0,20,0,30,0,25,0,,,,
296,297,144,2,120,0,60,0,40,0,60,0,50,0,,,,
297,298,50,1,20,0,40,0,20,0,40,0,20,0,,,,
298,299,30,0,45,0,135,1,45,0,90,0,30,0,,,,
299,300,50,0,45,0,45,0,35,0,35,0,50,1,,,,
300,301,70,1,65,0,65,0,55,0,55,0,90,1,,,,
301,302,50,0,75,1,75,1,65,0,65,0,50,0,,,,
302,303,50,0,85,1,85,1,55,0,55,0,50,0,,,,
303,304,50,0,70,0,100,1,40,0,40,0,30,0,,,,
304,305,60,0,90,0,140,2,50,0,50,0,40,0,,,,
305,306,70,0,110,0,180,3,60,0,60,0,50,0,,,,
306,307,30,0,40,0,55,0,40,0,55,0,60,1,,,,
307,308,60,0,60,0,75,0,60,0,75,0,80,2,,,,
308,309,40,0,45,0,40,0,65,0,40,0,65,1,,,,
309,310,70,0,75,0,60,0,105,0,60,0,105,2,,,,
310,311,60,0,50,0,40,0,85,0,75,0,95,1,,,,
311,312,60,0,40,0,50,0,75,0,85,0,95,1,,,,
312,313,65,0,73,0,75,0,47,0,85,0,85,1,,,,
313,314,65,0,47,0,75,0,73,0,85,0,85,1,,,,
314,315,50,0,60,0,45,0,100,2,80,0,65,0,,,,
315,316,70,1,43,0,53,0,43,0,53,0,40,0,,,,
316,317,100,2,73,0,83,0,73,0,83,0,55,0,,,,
317,318,45,0,90,1,20,0,65,0,20,0,65,0,,,,
318,319,70,0,120,2,40,0,95,0,40,0,95,0,,,,
319,320,130,1,70,0,35,0,70,0,35,0,60,0,,,,
320,321,170,2,90,0,45,0,90,0,45,0,60,0,,,,
321,322,60,0,60,0,40,0,65,1,45,0,35,0,,,,
322,323,70,0,100,1,70,0,105,1,75,0,40,0,,,,
323,324,70,0,85,0,140,2,85,0,70,0,20,0,,,,
324,325,60,0,25,0,35,0,70,0,80,1,60,0,,,,
325,326,80,0,45,0,65,0,90,0,110,2,80,0,,,,
326,327,60,0,60,0,60,0,60,1,60,0,60,0,,,,
327,328,45,0,100,1,45,0,45,0,45,0,10,0,,,,
328,329,50,0,70,1,50,0,50,0,50,0,70,1,,,,
329,330,80,0,100,1,80,0,80,0,80,0,100,2,,,,
330,331,50,0,85,0,40,0,85,1,40,0,35,0,,,,
331,332,70,0,115,1,60,0,115,1,60,0,55,0,,,,
332,333,45,0,40,0,60,0,40,0,75,1,50,0,,,,
333,334,75,0,70,0,90,0,70,0,105,2,80,0,,,,
334,335,73,0,115,2,60,0,60,0,60,0,90,0,,,,
335,336,73,0,100,1,60,0,100,1,60,0,65,0,,,,
336,337,90,0,55,0,65,0,95,2,85,0,70,0,,,,
337,338,90,0,95,2,85,0,55,0,65,0,70,0,,,,
338,339,50,1,48,0,43,0,46,0,41,0,60,0,,,,
339,340,110,2,78,0,73,0,76,0,71,0,60,0,,,,
340,341,43,0,80,1,65,0,50,0,35,0,35,0,,,,
341,342,63,0,120,2,85,0,90,0,55,0,55,0,,,,
342,343,40,0,40,0,55,0,40,0,70,1,55,0,,,,
343,344,60,0,70,0,105,0,70,0,120,2,75,0,,,,
344,345,66,0,41,0,77,0,61,0,87,1,23,0,,,,
345,346,86,0,81,0,97,0,81,0,107,2,43,0,,,,
346,347,45,0,95,1,50,0,40,0,50,0,75,0,,,,
347,348,75,0,125,2,100,0,70,0,80,0,45,0,,,,
348,349,20,0,15,0,20,0,10,0,55,0,80,1,,,,
349,350,95,0,60,0,79,0,100,0,125,2,81,0,,,,
350,351,70,1,70,0,70,0,70,0,70,0,70,0,,,,
351,352,60,0,90,0,70,0,60,0,120,1,40,0,,,,
352,353,44,0,75,1,35,0,63,0,33,0,45,0,,,,
353,354,64,0,115,2,65,0,83,0,63,0,65,0,,,,
354,355,20,0,40,0,90,0,30,0,90,1,25,0,,,,
355,356,40,0,70,0,130,1,60,0,130,1,25,0,,,,
356,357,99,2,68,0,83,0,72,0,87,0,51,0,,,,
357,358,75,0,50,0,80,0,95,1,90,1,65,0,,,,
358,359,65,0,130,2,60,0,75,0,60,0,75,0,,,,
359,360,95,1,23,0,48,0,23,0,48,0,23,0,,,,
360,361,50,1,50,0,50,0,50,0,50,0,50,0,,,,
361,362,80,2,80,0,80,0,80,0,80,0,80,0,,,,
362,363,70,1,40,0,50,0,55,0,50,0,25,0,,,,
363,364,90,2,60,0,70,0,75,0,70,0,45,0,,,,
364,365,110,3,80,0,90,0,95,0,90,0,65,0,,,,
365,366,35,0,64,0,85,1,74,0,55,0,32,0,,,,
366,367,55,0,104,1,105,1,94,0,75,0,52,0,,,,
367,368,55,0,84,0,105,0,114,2,75,0,52,0,,,,
368,369,100,1,90,0,130,1,45,0,65,0,55,0,,,,
369,370,43,0,30,0,55,0,40,0,65,0,97,1,,,,
370,371,45,0,75,1,60,0,40,0,30,0,50,0,,,,
371,372,65,0,95,0,100,2,60,0,50,0,50,0,,,,
372,373,95,0,135,3,80,0,110,0,80,0,100,0,,,,
373,374,40,0,55,0,80,1,35,0,60,0,30,0,,,,
374,375,60,0,75,0,100,2,55,0,80,0,50,0,,,,
375,376,80,0,135,0,130,3,95,0,90,0,70,0,,,,
376,377,80,0,100,0,200,3,50,0,100,0,50,0,,,,
377,378,80,0,50,0,100,0,100,0,200,3,50,0,,,,
378,379,80,0,75,0,150,2,75,0,150,1,50,0,,,,
379,380,80,0,80,0,90,0,110,0,130,3,110,0,,,,
380,381,80,0,90,0,80,0,130,3,110,0,110,0,,,,
381,382,100,0,100,0,90,0,150,3,140,0,90,0,,,,
382,383,100,0,150,3,140,0,100,0,90,0,90,0,,,,
383,384,105,0,150,2,90,0,150,1,90,0,95,0,,,,
384,385,100,3,100,0,100,0,100,0,100,0,100,0,,,,
385,386,50,0,150,1,50,0,150,1,50,0,150,1,,,,
386,387,55,0,68,1,64,0,45,0,55,0,31,0,,,,
387,388,75,0,89,1,85,1,55,0,65,0,36,0,,,,
388,389,95,0,109,2,105,1,75,0,85,0,56,0,,,,
389,390,44,0,58,0,44,0,58,0,44,0,61,1,,,,
390,391,64,0,78,0,52,0,78,1,52,0,81,1,,,,
391,392,76,0,104,1,71,0,104,1,71,0,108,1,,,,
392,393,53,0,51,0,53,0,61,1,56,0,40,0,,,,
393,394,64,0,66,0,68,0,81,2,76,0,50,0,,,,
394,395,84,0,86,0,88,0,111,3,101,0,60,0,,,,
395,396,40,0,55,0,30,0,30,0,30,0,60,1,,,,
396,397,55,0,75,0,50,0,40,0,40,0,80,2,,,,
397,398,85,0,120,3,70,0,50,0,60,0,100,0,,,,
398,399,59,1,45,0,40,0,35,0,40,0,31,0,,,,
399,400,79,0,85,2,60,0,55,0,60,0,71,0,,,,
400,401,37,0,25,0,41,1,25,0,41,0,25,0,,,,
401,402,77,0,85,2,51,0,55,0,51,0,65,0,,,,
402,403,45,0,65,1,34,0,40,0,34,0,45,0,,,,
403,404,60,0,85,2,49,0,60,0,49,0,60,0,,,,
404,405,80,0,120,3,79,0,95,0,79,0,70,0,,,,
405,406,40,0,30,0,35,0,50,1,70,0,55,0,,,,
406,407,60,0,70,0,65,0,125,3,105,0,90,0,,,,
407,408,67,0,125,1,40,0,30,0,30,0,58,0,,,,
408,409,97,0,165,2,60,0,65,0,50,0,58,0,,,,
409,410,30,0,42,0,118,1,42,0,88,0,30,0,,,,
410,411,60,0,52,0,168,2,47,0,138,0,30,0,,,,
411,412,40,0,29,0,45,0,29,0,45,1,36,0,,,,
412,413,60,0,59,0,85,0,79,0,105,2,36,0,,,,
413,414,70,0,94,1,50,0,94,1,50,0,66,0,,,,
414,415,30,0,30,0,42,0,30,0,42,0,70,1,,,,
415,416,70,0,80,0,102,1,80,0,102,1,40,0,,,,
416,417,60,0,45,0,70,0,45,0,90,0,95,1,,,,
417,418,55,0,65,0,35,0,60,0,30,0,85,1,,,,
418,419,85,0,105,0,55,0,85,0,50,0,115,2,,,,
419,420,45,0,35,0,45,0,62,1,53,0,35,0,,,,
420,421,70,0,60,0,70,0,87,2,78,0,85,0,,,,
421,422,76,1,48,0,48,0,57,0,62,0,34,0,,,,
422,423,111,2,83,0,68,0,92,0,82,0,39,0,,,,
423,424,75,0,100,0,66,0,60,0,66,0,115,2,,,,
424,425,90,1,50,0,34,0,60,0,44,0,70,0,,,,
425,426,150,2,80,0,44,0,90,0,54,0,80,0,,,,
426,427,55,0,66,0,44,0,44,0,56,0,85,1,,,,
427,428,65,0,76,0,84,0,54,0,96,0,105,2,,,,
428,429,60,0,60,0,60,0,105,1,105,1,105,0,,,,
429,430,100,0,125,2,52,0,105,0,52,0,71,0,,,,
430,431,49,0,55,0,42,0,42,0,37,0,85,1,,,,
431,432,71,0,82,0,64,0,64,0,59,0,112,2,,,,
432,433,45,0,30,0,50,0,65,1,50,0,45,0,,,,
433,434,63,0,63,0,47,0,41,0,41,0,74,1,,,,
434,435,103,2,93,0,67,0,71,0,61,0,84,0,,,,
435,436,57,0,24,0,86,1,24,0,86,0,23,0,,,,
436,437,67,0,89,0,116,1,79,0,116,1,33,0,,,,
437,438,50,0,80,0,95,1,10,0,45,0,10,0,,,,
438,439,20,0,25,0,45,0,70,0,90,1,60,0,,,,
439,440,100,1,5,0,5,0,15,0,65,0,30,0,,,,
440,441,76,0,65,1,45,0,92,0,42,0,91,0,,,,
441,442,50,0,92,0,108,1,92,0,108,1,35,0,,,,
442,443,58,0,70,1,45,0,40,0,45,0,42,0,,,,
443,444,68,0,90,2,65,0,50,0,55,0,82,0,,,,
444,445,108,0,130,3,95,0,80,0,85,0,102,0,,,,
445,446,135,1,85,0,40,0,40,0,85,0,5,0,,,,
446,447,40,0,70,1,40,0,35,0,40,0,60,0,,,,
447,448,70,0,110,1,70,0,115,1,70,0,90,0,,,,
448,449,68,0,72,0,78,1,38,0,42,0,32,0,,,,
449,450,108,0,112,0,118,2,68,0,72,0,47,0,,,,
450,451,40,0,50,0,90,1,30,0,55,0,65,0,,,,
451,452,70,0,90,0,110,2,60,0,75,0,95,0,,,,
452,453,48,0,61,1,40,0,61,0,40,0,50,0,,,,
453,454,83,0,106,2,65,0,86,0,65,0,85,0,,,,
454,455,74,0,100,2,72,0,90,0,72,0,46,0,,,,
455,456,49,0,49,0,56,0,49,0,61,0,66,1,,,,
456,457,69,0,69,0,76,0,69,0,86,0,91,2,,,,
457,458,45,0,20,0,50,0,60,0,120,1,50,0,,,,
458,459,60,0,62,1,50,0,62,0,60,0,40,0,,,,
459,460,90,0,92,1,75,0,92,1,85,0,60,0,,,,
460,461,70,0,120,1,65,0,45,0,85,0,125,1,,,,
461,462,70,0,70,0,115,0,130,3,90,0,60,0,,,,
462,463,110,3,85,0,95,0,80,0,95,0,50,0,,,,
463,464,115,0,140,3,130,0,55,0,55,0,40,0,,,,
464,465,100,0,100,0,125,2,110,0,50,0,50,0,,,,
465,466,75,0,123,3,67,0,95,0,85,0,95,0,,,,
466,467,75,0,95,0,67,0,125,3,95,0,83,0,,,,
467,468,85,0,50,0,95,0,120,2,115,1,80,0,,,,
468,469,86,0,76,2,86,0,116,0,56,0,95,0,,,,
469,470,65,0,110,0,130,2,60,0,65,0,95,0,,,,
470,471,65,0,60,0,110,0,130,2,95,0,65,0,,,,
471,472,75,0,95,0,125,2,45,0,75,0,95,0,,,,
472,473,110,0,130,3,80,0,70,0,60,0,80,0,,,,
473,474,85,0,80,0,70,0,135,3,75,0,90,0,,,,
474,475,68,0,125,3,65,0,65,0,115,0,80,0,,,,
475,476,60,0,55,0,145,1,75,0,150,2,40,0,,,,
476,477,45,0,100,0,135,1,65,0,135,2,45,0,,,,
477,478,70,0,80,0,70,0,80,0,70,0,110,2,,,,
478,479,50,0,50,0,77,0,95,1,77,0,91,1,,,,
479,480,75,0,75,0,130,2,75,0,130,1,95,0,,,,
480,481,80,0,105,1,105,0,105,1,105,1,80,0,,,,
481,482,75,0,125,2,70,0,125,1,70,0,115,0,,,,
482,483,100,0,120,0,120,0,150,3,100,0,90,0,,,,
483,484,90,0,120,0,100,0,150,3,120,0,100,0,,,,
484,485,91,0,90,0,106,0,130,3,106,0,77,0,,,,
485,486,110,0,160,3,110,0,80,0,110,0,100,0,,,,
486,487,150,3,100,0,120,0,100,0,120,0,90,0,,,,
487,488,120,0,70,0,110,0,75,0,120,3,85,0,,,,
488,489,80,1,80,0,80,0,80,0,80,0,80,0,,,,
489,490,100,3,100,0,100,0,100,0,100,0,100,0,,,,
490,491,70,0,90,0,90,0,135,2,90,0,125,1,,,,
491,492,100,3,100,0,100,0,100,0,100,0,100,0,,,,
492,493,120,3,120,0,120,0,120,0,120,0,120,0,,,,
493,494,100,3,100,0,100,0,100,0,100,0,100,0,,,,
494,495,45,0,45,0,55,0,45,0,55,0,63,1,,,,
495,496,60,0,60,0,75,0,60,0,75,0,83,2,,,,
496,497,75,0,75,0,95,0,75,0,95,0,113,3,,,,
497,498,65,1,63,0,45,0,45,0,45,0,45,0,,,,
498,499,90,0,93,2,55,0,70,0,55,0,55,0,,,,
499,500,110,0,123,3,65,0,100,0,65,0,65,0,,,,
500,501,55,0,55,0,45,0,63,1,45,0,45,0,,,,
501,502,75,0,75,0,60,0,83,2,60,0,60,0,,,,
502,503,95,0,100,0,85,0,108,3,70,0,70,0,,,,
503,504,45,0,55,1,39,0,35,0,39,0,42,0,,,,
504,505,60,0,85,2,69,0,60,0,69,0,77,0,,,,
505,506,45,0,60,1,45,0,25,0,45,0,55,0,,,,
506,507,65,0,80,2,65,0,35,0,65,0,60,0,,,,
507,508,85,0,110,3,90,0,45,0,90,0,80,0,,,,
508,509,41,0,50,0,37,0,50,0,37,0,66,1,,,,
509,510,64,0,88,0,50,0,88,0,50,0,106,2,,,,
510,511,50,0,53,0,48,0,53,0,48,0,64,1,,,,
511,512,75,0,98,0,63,0,98,0,63,0,101,2,,,,
512,513,50,0,53,0,48,0,53,0,48,0,64,1,,,,
513,514,75,0,98,0,63,0,98,0,63,0,101,2,,,,
514,515,50,0,53,0,48,0,53,0,48,0,64,1,,,,
515,516,75,0,98,0,63,0,98,0,63,0,101,2,,,,
516,517,76,1,25,0,45,0,67,0,55,0,24,0,,,,
517,518,116,2,55,0,85,0,107,0,95,0,29,0,,,,
518,519,50,0,55,1,50,0,36,0,30,0,43,0,,,,
519,520,62,0,77,2,62,0,50,0,42,0,65,0,,,,
520,521,80,0,115,3,80,0,65,0,55,0,93,0,,,,
521,522,45,0,60,0,32,0,50,0,32,0,76,1,,,,
522,523,75,0,100,0,63,0,80,0,63,0,116,2,,,,
523,524,55,0,75,0,85,1,25,0,25,0,15,0,,,,
524,525,70,0,105,1,105,1,50,0,40,0,20,0,,,,
525,526,85,0,135,3,130,0,60,0,80,0,25,0,,,,
526,527,65,0,45,0,43,0,55,0,43,0,72,1,,,,
527,528,67,0,57,0,55,0,77,0,55,0,114,2,,,,
528,529,60,0,85,1,40,0,30,0,45,0,68,0,,,,
529,530,110,0,135,2,60,0,50,0,65,0,88,0,,,,
530,531,103,2,60,0,86,0,60,0,86,0,50,0,,,,
531,532,75,0,80,1,55,0,25,0,35,0,35,0,,,,
532,533,85,0,105,2,85,0,40,0,50,0,40,0,,,,
533,534,105,0,140,3,95,0,55,0,65,0,45,0,,,,
534,535,50,0,50,0,40,0,50,0,40,0,64,1,,,,
535,536,75,2,65,0,55,0,65,0,55,0,69,0,,,,
536,537,105,3,95,0,75,0,85,0,75,0,74,0,,,,
537,538,120,2,100,0,85,0,30,0,85,0,45,0,,,,
538,539,75,0,125,2,75,0,30,0,75,0,85,0,,,,
539,540,45,0,53,0,70,1,40,0,60,0,42,0,,,,
540,541,55,0,63,0,90,2,50,0,80,0,42,0,,,,
541,542,75,0,103,3,80,0,70,0,80,0,92,0,,,,
542,543,30,0,45,0,59,1,30,0,39,0,57,0,,,,
543,544,40,0,55,0,99,2,40,0,79,0,47,0,,,,
544,545,60,0,100,0,89,0,55,0,69,0,112,3,,,,
545,546,40,0,27,0,60,0,37,0,50,0,66,1,,,,
546,547,60,0,67,0,85,0,77,0,75,0,116,2,,,,
547,548,45,0,35,0,50,0,70,1,50,0,30,0,,,,
548,549,70,0,60,0,75,0,110,2,75,0,90,0,,,,
549,550,70,0,92,0,65,0,80,0,55,0,98,2,,,,
550,551,50,0,72,1,35,0,35,0,35,0,65,0,,,,
551,552,60,0,82,2,45,0,45,0,45,0,74,0,,,,
552,553,95,0,117,3,80,0,65,0,70,0,92,0,,,,
553,554,70,0,90,1,45,0,15,0,45,0,50,0,,,,
554,555,105,0,140,2,55,0,30,0,55,0,95,0,,,,
555,556,75,0,86,0,67,0,106,2,67,0,60,0,,,,
556,557,50,0,65,0,85,1,35,0,35,0,55,0,,,,
557,558,70,0,105,0,125,2,65,0,75,0,45,0,,,,
558,559,50,0,75,1,70,0,35,0,70,0,48,0,,,,
559,560,65,0,90,0,115,1,45,0,115,1,58,0,,,,
560,561,72,0,58,0,80,0,103,2,80,0,97,0,,,,
561,562,38,0,30,0,85,1,55,0,65,0,30,0,,,,
562,563,58,0,50,0,145,2,95,0,105,0,30,0,,,,
563,564,54,0,78,0,103,1,53,0,45,0,22,0,,,,
564,565,74,0,108,0,133,2,83,0,65,0,32,0,,,,
565,566,55,0,112,1,45,0,74,0,45,0,70,0,,,,
566,567,75,0,140,2,65,0,112,0,65,0,110,0,,,,
567,568,50,0,50,0,62,0,40,0,62,0,65,1,,,,
568,569,80,0,95,2,82,0,60,0,82,0,75,0,,,,
569,570,40,0,65,0,40,0,80,1,40,0,65,0,,,,
570,571,60,0,105,0,60,0,120,2,60,0,105,0,,,,
571,572,55,0,50,0,40,0,40,0,40,0,75,1,,,,
572,573,75,0,95,0,60,0,65,0,60,0,115,2,,,,
573,574,45,0,30,0,50,0,55,0,65,1,45,0,,,,
574,575,60,0,45,0,70,0,75,0,85,2,55,0,,,,
575,576,70,0,55,0,95,0,95,0,110,3,65,0,,,,
576,577,45,0,30,0,40,0,105,1,50,0,20,0,,,,
577,578,65,0,40,0,50,0,125,2,60,0,30,0,,,,
578,579,110,0,65,0,75,0,125,3,85,0,30,0,,,,
579,580,62,1,44,0,50,0,44,0,50,0,55,0,,,,
580,581,75,0,87,0,63,0,87,0,63,0,98,2,,,,
581,582,36,0,50,0,50,0,65,1,60,0,44,0,,,,
582,583,51,0,65,0,65,0,80,2,75,0,59,0,,,,
583,584,71,0,95,0,85,0,110,3,95,0,79,0,,,,
584,585,60,0,60,0,50,0,40,0,50,0,75,1,,,,
585,586,80,0,100,2,70,0,60,0,70,0,95,0,,,,
586,587,55,0,75,0,60,0,75,0,60,0,103,2,,,,
587,588,50,0,75,1,45,0,40,0,45,0,60,0,,,,
588,589,70,0,135,2,105,0,60,0,105,0,20,0,,,,
589,590,69,1,55,0,45,0,55,0,55,0,15,0,,,,
590,591,114,2,85,0,70,0,85,0,80,0,30,0,,,,
591,592,55,0,40,0,50,0,65,0,85,1,40,0,,,,
592,593,100,0,60,0,70,0,85,0,105,2,60,0,,,,
593,594,165,2,75,0,80,0,40,0,45,0,65,0,,,,
594,595,50,0,47,0,50,0,57,0,50,0,65,1,,,,
595,596,70,0,77,0,60,0,97,0,60,0,108,2,,,,
596,597,44,0,50,0,91,1,24,0,86,0,10,0,,,,
597,598,74,0,94,0,131,2,54,0,116,0,20,0,,,,
598,599,40,0,55,0,70,1,45,0,60,0,30,0,,,,
599,600,60,0,80,0,95,2,70,0,85,0,50,0,,,,
600,601,60,0,100,0,115,3,70,0,85,0,90,0,,,,
601,602,35,0,55,0,40,0,45,0,40,0,60,1,,,,
602,603,65,0,85,2,70,0,75,0,70,0,40,0,,,,
603,604,85,0,115,3,80,0,105,0,80,0,50,0,,,,
604,605,55,0,55,0,55,0,85,1,55,0,30,0,,,,
605,606,75,0,75,0,75,0,125,2,95,0,40,0,,,,
606,607,50,0,30,0,55,0,65,1,55,0,20,0,,,,
607,608,60,0,40,0,60,0,95,2,60,0,55,0,,,,
608,609,60,0,55,0,90,0,145,3,90,0,80,0,,,,
609,610,46,0,87,1,60,0,30,0,40,0,57,0,,,,
610,611,66,0,117,2,70,0,40,0,50,0,67,0,,,,
611,612,76,0,147,3,90,0,60,0,70,0,97,0,,,,
612,613,55,0,70,1,40,0,60,0,40,0,40,0,,,,
613,614,95,0,130,2,80,0,70,0,80,0,50,0,,,,
614,615,80,0,50,0,50,0,95,0,135,2,105,0,,,,
615,616,50,0,40,0,85,1,40,0,65,0,25,0,,,,
616,617,80,0,70,0,40,0,100,0,60,0,145,2,,,,
617,618,109,2,66,0,84,0,81,0,99,0,32,0,,,,
618,619,45,0,85,1,50,0,55,0,50,0,65,0,,,,
619,620,65,0,125,2,60,0,95,0,60,0,105,0,,,,
620,621,77,0,120,2,90,0,60,0,90,0,48,0,,,,
621,622,59,0,74,1,50,0,35,0,50,0,35,0,,,,
622,623,89,0,124,2,80,0,55,0,80,0,55,0,,,,
623,624,45,0,85,1,70,0,40,0,40,0,60,0,,,,
624,625,65,0,125,2,100,0,60,0,70,0,70,0,,,,
625,626,95,0,110,2,95,0,40,0,95,0,55,0,,,,
626,627,70,0,83,1,50,0,37,0,50,0,60,0,,,,
627,628,100,0,123,2,75,0,57,0,75,0,80,0,,,,
628,629,70,0,55,0,75,1,45,0,65,0,60,0,,,,
629,630,110,0,65,0,105,0,55,2,95,0,80,0,,,,
630,631,85,0,97,0,66,0,105,2,66,0,65,0,,,,
631,632,58,0,109,0,112,2,48,0,48,0,109,0,,,,
632,633,52,0,65,1,50,0,45,0,50,0,38,0,,,,
633,634,72,0,85,2,70,0,65,0,70,0,58,0,,,,
634,635,92,0,105,0,90,0,125,3,90,0,98,0,,,,
635,636,55,0,85,1,55,0,50,0,55,0,60,0,,,,
636,637,85,0,60,0,65,0,135,3,105,0,100,0,,,,
637,638,91,0,90,0,129,3,90,0,72,0,108,0,,,,
638,639,91,0,129,3,90,0,72,0,90,0,108,0,,,,
639,640,91,0,90,0,72,0,90,0,129,3,108,0,,,,
640,641,79,0,115,3,70,0,125,0,80,0,111,0,,,,
641,642,79,0,115,3,70,0,125,0,80,0,111,0,,,,
642,643,100,0,120,0,100,0,150,3,120,0,90,0,,,,
643,644,100,0,150,3,120,0,120,0,100,0,90,0,,,,
644,645,89,0,125,0,90,0,115,3,80,0,101,0,,,,
645,646,125,1,130,1,90,0,130,1,90,0,95,0,,,,
646,647,91,0,72,0,90,0,129,3,90,0,108,0,,,,
647,648,100,0,77,0,77,0,128,1,128,1,90,1,,,,
648,649,71,0,120,1,95,0,120,1,95,0,99,1,,,,
649,650,56,0,61,0,65,1,48,0,45,0,38,0,,,,
650,651,61,0,78,0,95,2,56,0,58,0,57,0,,,,
651,652,88,0,107,0,122,3,74,0,75,0,64,0,,,,
652,653,40,0,45,0,40,0,62,1,60,0,60,0,,,,
653,654,59,0,59,0,58,0,90,2,70,0,73,0,,,,
654,655,75,0,69,0,72,0,114,3,100,0,104,0,,,,
655,656,41,0,56,0,40,0,62,0,44,0,71,1,,,,
656,657,54,0,63,0,52,0,83,0,56,0,97,2,,,,
657,658,72,0,95,0,67,0,103,0,71,0,122,3,,,,
658,659,38,0,36,0,38,0,32,0,36,0,57,1,,,,
659,660,85,2,56,0,77,0,50,0,77,0,78,0,,,,
660,661,45,0,50,0,43,0,40,0,38,0,62,1,,,,
661,662,62,0,73,0,55,0,56,0,52,0,84,2,,,,
662,663,78,0,81,0,71,0,74,0,69,0,126,3,,,,
663,664,38,0,35,0,40,1,27,0,25,0,35,0,,,,
664,665,45,0,22,0,60,2,27,0,30,0,29,0,,,,
665,666,80,1,52,0,50,0,90,1,50,0,89,1,,,,
666,667,62,0,50,0,58,0,73,1,54,0,72,0,,,,
667,668,86,0,68,0,72,0,109,2,66,0,106,0,,,,
668,669,44,0,38,0,39,0,61,0,79,1,42,0,,,,
669,670,54,0,45,0,47,0,75,0,98,2,52,0,,,,
670,671,78,0,65,0,68,0,112,0,154,3,75,0,,,,
671,672,66,1,65,0,48,0,62,0,57,0,52,0,,,,
672,673,123,2,100,0,62,0,97,0,81,0,68,0,,,,
673,674,67,0,82,1,62,0,46,0,48,0,43,0,,,,
674,675,95,0,124,2,78,0,69,0,71,0,58,0,,,,
675,676,75,0,80,0,60,0,65,0,90,0,102,1,,,,
676,677,62,0,48,0,54,0,63,0,60,0,68,1,,,,
677,678,74,0,48,0,76,0,83,0,81,0,104,2,,,,
678,679,45,0,80,0,100,1,35,0,37,0,28,0,,,,
679,680,59,0,110,0,150,2,45,0,49,0,35,0,,,,
680,681,60,0,50,0,140,2,50,0,140,1,60,0,,,,
681,682,78,1,52,0,60,0,63,0,65,0,23,0,,,,
682,683,101,2,72,0,72,0,99,0,89,0,29,0,,,,
683,684,62,0,48,0,66,1,59,0,57,0,49,0,,,,
684,685,82,0,80,0,86,2,85,0,75,0,72,0,,,,
685,686,53,0,54,1,53,0,37,0,46,0,45,0,,,,
686,687,86,0,92,2,88,0,68,0,75,0,73,0,,,,
687,688,42,0,52,1,67,0,39,0,56,0,50,0,,,,
688,689,72,0,105,2,115,0,54,0,86,0,68,0,,,,
689,690,50,0,60,0,60,0,60,0,60,1,30,0,,,,
690,691,65,0,75,0,90,0,97,0,123,2,44,0,,,,
691,692,50,0,53,0,62,0,58,1,63,0,44,0,,,,
692,693,71,0,73,0,88,0,120,2,89,0,59,0,,,,
693,694,44,0,38,0,33,0,61,0,43,0,70,1,,,,
694,695,62,0,55,0,52,0,109,1,94,0,109,1,,,,
695,696,58,0,89,1,77,0,45,0,45,0,48,0,,,,
696,697,82,0,121,2,119,0,69,0,59,0,71,0,,,,
697,698,77,1,59,0,50,0,67,0,63,0,46,0,,,,
698,699,123,2,77,0,72,0,99,0,92,0,58,0,,,,
699,700,95,0,65,0,65,0,110,0,130,2,60,0,,,,
700,701,78,0,92,2,75,0,74,0,63,0,118,0,,,,
701,702,67,0,58,0,57,0,81,0,67,0,101,2,,,,
702,703,50,0,50,0,150,1,50,0,150,1,50,0,,,,
703,704,45,0,50,0,35,0,55,0,75,1,40,0,,,,
704,705,68,0,75,0,53,0,83,0,113,2,60,0,,,,
705,706,90,0,100,0,70,0,110,0,150,3,80,0,,,,
706,707,57,0,80,0,91,1,80,0,87,0,75,0,,,,
707,708,43,0,70,1,48,0,50,0,60,0,38,0,,,,
708,709,85,0,110,2,76,0,65,0,82,0,56,0,,,,
709,710,49,0,66,0,70,1,44,0,55,0,51,0,,,,
710,711,65,0,90,0,122,2,58,0,75,0,84,0,,,,
711,712,55,0,69,0,85,1,32,0,35,0,28,0,,,,
712,713,95,0,117,0,184,2,44,0,46,0,28,0,,,,
713,714,40,0,30,0,35,0,45,0,40,0,55,1,,,,
714,715,85,0,70,0,80,0,97,0,80,0,123,2,,,,
715,716,126,3,131,0,95,0,131,0,98,0,99,0,,,,
716,717,126,3,131,0,95,0,131,0,98,0,99,0,,,,
717,718,108,3,100,0,121,0,81,0,95,0,95,0,,,,
718,719,50,0,100,0,150,1,100,0,150,2,50,0,,,,
719,720,80,0,110,0,60,0,150,3,130,0,70,0,,,,
720,721,80,0,110,0,120,0,130,3,90,0,70,0,,,,
721,722,68,1,55,0,55,0,50,0,50,0,42,0,,,,
722,723,78,2,75,0,75,0,70,0,70,0,52,0,,,,
723,724,78,0,107,3,75,0,100,0,100,0,70,0,,,,
724,725,45,0,65,0,40,0,60,0,40,0,70,1,,,,
725,726,65,0,85,0,50,0,80,0,50,0,90,2,,,,
726,727,95,0,115,3,90,0,80,0,90,0,60,0,,,,
727,728,50,0,54,0,54,0,66,1,56,0,40,0,,,,
728,729,60,0,69,0,69,0,91,2,81,0,50,0,,,,
729,730,80,0,74,0,74,0,126,3,116,0,60,0,,,,
730,731,35,0,75,1,30,0,30,0,30,0,65,0,,,,
731,732,55,0,85,2,50,0,40,0,50,0,75,0,,,,
732,733,80,0,120,3,75,0,75,0,75,0,60,0,,,,
733,734,48,0,70,1,30,0,30,0,30,0,45,0,,,,
734,735,88,0,110,2,60,0,55,0,60,0,45,0,,,,
735,736,47,0,62,1,45,0,55,0,45,0,46,0,,,,
736,737,57,0,82,0,95,2,55,0,75,0,36,0,,,,
737,738,77,0,70,0,90,0,145,3,75,0,43,0,,,,
738,739,47,0,82,1,57,0,42,0,47,0,63,0,,,,
739,740,97,0,132,2,77,0,62,0,67,0,43,0,,,,
740,741,75,0,70,0,70,0,98,2,70,0,93,0,,,,
741,742,40,0,45,0,40,0,55,0,40,0,84,1,,,,
742,743,60,0,55,0,60,0,95,0,70,0,124,2,,,,
743,744,45,0,65,1,40,0,30,0,40,0,60,0,,,,
744,745,75,0,115,2,65,0,55,0,65,0,112,0,,,,
745,746,45,1,20,0,20,0,25,0,25,0,40,0,,,,
746,747,50,0,53,0,62,1,43,0,52,0,45,0,,,,
747,748,50,0,63,0,152,2,53,0,142,0,35,0,,,,
748,749,70,0,100,1,70,0,45,0,55,0,45,0,,,,
749,750,100,0,125,2,100,0,55,0,85,0,35,0,,,,
750,751,38,0,40,0,52,0,40,0,72,1,27,0,,,,
751,752,68,0,70,0,92,0,50,0,132,2,42,0,,,,
752,753,40,0,55,1,35,0,50,0,35,0,35,0,,,,
753,754,70,0,105,2,90,0,80,0,90,0,45,0,,,,
754,755,40,0,35,0,55,0,65,0,75,1,15,0,,,,
755,756,60,0,45,0,80,0,90,0,100,2,30,0,,,,
756,757,48,0,44,0,40,0,71,0,40,0,77,1,,,,
757,758,68,0,64,0,60,0,111,0,60,0,117,2,,,,
758,759,70,0,75,1,50,0,45,0,50,0,50,0,,,,
759,760,120,0,125,2,80,0,55,0,60,0,60,0,,,,
760,761,42,1,30,0,38,0,30,0,38,0,32,0,,,,
761,762,52,0,40,0,48,0,40,0,48,0,62,2,,,,
762,763,72,0,120,3,98,0,50,0,98,0,72,0,,,,
763,764,51,0,52,0,90,0,82,0,110,2,100,0,,,,
764,765,90,0,60,0,80,0,90,0,110,2,60,0,,,,
765,766,100,0,120,2,90,0,40,0,60,0,80,0,,,,
766,767,25,0,35,0,40,0,20,0,30,0,80,1,,,,
767,768,75,0,125,0,140,2,60,0,90,0,40,0,,,,
768,769,55,0,55,0,80,1,70,0,45,0,15,0,,,,
769,770,85,0,75,0,110,2,100,0,75,0,35,0,,,,
770,771,55,0,60,0,130,0,30,0,130,2,5,0,,,,
771,772,95,2,95,0,95,0,95,0,95,0,59,0,,,,
772,773,95,3,95,0,95,0,95,0,95,0,95,0,,,,
773,774,60,0,60,0,100,1,60,0,100,1,60,0,,,,
774,775,65,0,115,2,65,0,75,0,95,0,65,0,,,,
775,776,60,0,78,0,135,2,91,0,85,0,36,0,,,,
776,777,65,0,98,2,63,0,40,0,73,0,96,0,,,,
777,778,55,0,90,0,80,0,50,0,105,2,96,0,,,,
778,779,68,0,105,2,70,0,70,0,70,0,92,0,,,,
779,780,78,0,60,0,85,0,135,2,91,0,36,0,,,,
780,781,70,0,131,2,100,0,86,0,90,0,40,0,,,,
781,782,45,0,55,0,65,1,45,0,45,0,45,0,,,,
782,783,55,0,75,0,90,2,65,0,70,0,65,0,,,,
783,784,75,0,110,0,125,3,100,0,105,0,85,0,,,,
784,785,70,0,115,0,85,0,95,0,75,0,130,3,,,,
785,786,70,0,85,0,75,0,130,3,115,0,95,0,,,,
786,787,70,0,130,3,115,0,85,0,95,0,75,0,,,,
787,788,70,0,75,0,115,0,95,0,130,3,85,0,,,,
788,789,43,1,29,0,31,0,29,0,31,0,37,0,,,,
789,790,43,0,29,0,131,1,29,0,131,1,37,0,,,,
790,791,137,0,137,3,107,0,113,0,89,0,97,0,,,,
791,792,137,0,113,0,89,0,137,3,107,0,97,0,,,,
792,793,109,0,53,0,47,0,127,0,131,3,103,0,,,,
793,794,107,0,139,1,139,2,53,0,53,0,79,0,,,,
794,795,71,0,137,0,37,0,137,0,37,0,151,3,,,,
795,796,83,0,89,0,71,0,173,3,71,0,83,0,,,,
796,797,97,0,101,1,103,1,107,1,101,0,61,0,,,,
797,798,59,0,181,3,131,0,59,0,31,0,109,0,,,,
798,799,223,3,101,0,53,0,97,0,53,0,43,0,,,,
799,800,97,0,107,1,101,0,127,2,89,0,79,0,,,,
800,801,80,0,95,0,115,0,130,3,115,0,65,0,,,,
801,802,90,0,125,2,80,0,90,0,90,0,125,1,,,,
802,803,67,0,73,0,67,0,73,0,67,0,73,1,,,,
803,804,73,0,73,0,73,0,127,3,73,0,121,0,,,,
804,805,61,0,131,0,211,3,53,0,101,0,13,0,,,,
805,806,53,0,127,0,53,0,151,3,79,0,107,0,,,,
806,807,88,0,112,0,75,0,102,0,80,0,143,3,,,,
807,808,46,0,65,1,65,0,55,0,35,0,34,0,,,,
808,809,135,0,143,3,143,0,80,0,65,0,34,0,,,,
809,810,50,0,65,1,50,0,40,0,40,0,65,0,,,,
810,811,70,0,85,2,70,0,55,0,60,0,80,0,,,,
811,812,100,0,125,3,90,0,60,0,70,0,85,0,,,,
812,813,50,0,71,0,40,0,40,0,40,0,69,1,,,,
813,814,65,0,86,0,60,0,55,0,60,0,94,2,,,,
814,815,80,0,116,0,75,0,65,0,75,0,119,3,,,,
815,816,50,0,40,0,40,0,70,0,40,1,70,1,,,,
816,817,65,0,60,0,55,0,95,2,55,0,90,0,,,,
817,818,70,0,85,0,65,0,125,0,65,0,120,3,,,,
818,819,70,1,55,0,55,0,35,0,35,0,25,0,,,,
819,820,120,2,95,0,95,0,55,0,75,0,20,0,,,,
820,821,38,0,47,0,35,0,33,0,35,0,57,1,,,,
821,822,68,0,67,0,55,0,43,0,55,0,77,2,,,,
822,823,98,0,87,0,105,3,53,0,85,0,67,0,,,,
823,824,25,0,20,0,20,0,25,0,45,1,45,0,,,,
824,825,50,0,35,0,80,0,50,0,90,2,30,0,,,,
825,826,60,0,45,0,110,0,80,0,120,3,90,0,,,,
826,827,40,0,28,0,28,0,47,0,52,1,50,0,,,,
827,828,70,0,58,0,58,0,87,0,92,2,90,0,,,,
828,829,40,0,40,0,60,0,40,0,60,1,10,0,,,,
829,830,60,0,50,0,90,0,80,0,120,2,60,0,,,,
830,831,42,0,40,0,55,1,40,0,45,0,48,0,,,,
831,832,72,0,80,0,100,2,60,0,90,0,88,0,,,,
832,833,50,0,64,1,50,0,38,0,38,0,44,0,,,,
833,834,90,0,115,2,90,0,48,0,68,0,74,0,,,,
834,835,59,1,45,0,50,0,40,0,50,0,26,0,,,,
835,836,69,0,90,0,60,0,90,0,60,0,121,2,,,,
836,837,30,0,40,0,50,1,40,0,50,0,30,0,,,,
837,838,80,0,60,0,90,2,60,0,70,0,50,0,,,,
838,839,110,0,80,0,120,3,80,0,90,0,30,0,,,,
839,840,40,0,40,0,80,1,40,0,40,0,20,0,,,,
840,841,70,0,110,2,80,0,95,0,60,0,70,0,,,,
841,842,110,2,85,0,80,0,100,0,80,0,30,0,,,,
842,843,52,0,57,0,75,1,35,0,50,0,46,0,,,,
843,844,72,0,107,0,125,2,65,0,70,0,71,0,,,,
844,845,70,0,85,0,55,0,85,0,95,2,85,0,,,,
845,846,41,0,63,0,40,0,40,0,30,0,66,1,,,,
846,847,61,0,123,0,60,0,60,0,50,0,136,2,,,,
847,848,40,0,38,0,35,0,54,1,35,0,40,0,,,,
848,849,75,0,98,0,70,0,114,2,70,0,75,0,,,,
849,850,50,0,65,1,45,0,50,0,50,0,45,0,,,,
850,851,100,0,115,2,65,0,90,0,90,0,65,0,,,,
851,852,50,0,68,1,60,0,50,0,50,0,32,0,,,,
852,853,80,0,118,2,90,0,70,0,80,0,42,0,,,,
853,854,40,0,45,0,45,0,74,1,54,0,50,0,,,,
854,855,60,0,65,0,65,0,134,2,114,0,70,0,,,,
855,856,42,0,30,0,45,0,56,1,53,0,39,0,,,,
856,857,57,0,40,0,65,0,86,2,73,0,49,0,,,,
857,858,57,0,90,0,95,0,136,3,103,0,29,0,,,,
858,859,45,0,45,0,30,0,55,1,40,0,50,0,,,,
859,860,65,0,60,0,45,0,75,2,55,0,70,0,,,,
860,861,95,0,120,3,65,0,95,0,75,0,60,0,,,,
861,862,93,0,90,0,101,3,60,0,81,0,95,0,,,,
862,863,70,0,110,2,100,0,50,0,60,0,50,0,,,,
863,864,60,0,95,0,50,0,145,2,130,0,30,0,,,,
864,865,62,0,135,2,95,0,68,0,82,0,65,0,,,,
865,866,80,0,85,0,75,0,110,3,100,0,70,0,,,,
866,867,58,0,95,0,145,2,50,0,105,0,30,0,,,,
867,868,45,0,40,0,40,0,50,0,61,1,34,0,,,,
868,869,65,0,60,0,75,0,110,0,121,2,64,0,,,,
869,870,65,0,100,2,100,0,70,0,60,1,75,0,,,,
870,871,48,0,101,2,95,0,91,0,85,0,15,0,,,,
871,872,30,0,25,0,35,0,45,1,30,0,20,0,,,,
872,873,70,0,65,0,60,0,125,2,90,0,65,0,,,,
873,874,100,0,125,0,135,2,20,0,20,0,70,0,,,,
874,875,75,0,80,0,110,2,65,0,90,0,50,0,,,,
875,876,60,0,65,0,55,0,105,2,95,0,95,0,,,,
876,877,58,0,95,0,58,0,70,0,58,0,97,2,,,,
877,878,72,0,80,1,49,0,40,0,49,0,40,0,,,,
878,879,122,0,130,2,69,0,80,0,69,0,30,0,,,,
879,880,90,0,100,2,90,0,80,0,70,0,75,0,,,,
880,881,90,0,100,2,90,0,90,0,80,0,55,0,,,,
881,882,90,0,90,0,100,2,70,0,80,0,75,0,,,,
882,883,90,0,90,0,100,2,80,0,90,0,55,0,,,,
883,884,70,0,95,0,115,0,120,2,50,0,85,0,,,,
884,885,28,0,60,0,30,0,40,0,30,0,82,1,,,,
885,886,68,0,80,0,50,0,60,0,50,0,102,2,,,,
886,887,88,0,120,0,75,0,100,0,75,0,142,3,,,,
887,888,92,0,120,0,115,0,80,0,115,0,138,3,,,,
888,889,92,0,120,0,115,0,80,0,115,0,138,3,,,,
889,890,140,3,85,0,95,0,145,0,95,0,130,0,,,,
890,891,60,0,90,1,60,0,53,0,50,0,72,0,,,,
891,892,100,0,130,3,100,0,63,0,60,0,97,0,,,,
892,893,105,0,120,3,105,0,70,0,95,0,105,0,,,,
893,894,80,0,100,0,50,0,100,0,50,0,200,3,,,,
894,895,200,3,100,0,50,0,100,0,50,0,80,0,,,,
895,896,100,0,145,3,130,0,65,0,110,0,30,0,,,,
896,897,100,0,65,0,60,0,145,3,80,0,130,0,,,,
897,898,100,3,80,0,80,0,80,0,80,0,80,0,,,,
898,899,103,0,105,1,72,0,105,0,75,0,65,0,,,,
899,900,70,0,135,2,95,0,45,0,70,0,85,0,,,,
900,901,130,0,140,3,105,0,45,0,80,0,50,0,,,,
901,902,120,2,112,0,65,0,80,0,75,0,78,0,,,,
902,903,80,0,130,1,60,0,40,0,80,0,120,1,,,,
903,904,85,0,115,1,95,0,65,0,65,0,85,0,,,,
904,905,74,0,115,0,70,0,135,3,80,0,106,0,,,,
905,906,40,0,61,0,54,0,45,0,45,0,65,1,,,,
906,907,61,0,80,0,63,0,60,0,63,0,83,2,,,,
907,908,76,0,110,0,70,0,81,0,70,0,123,3,,,,
908,909,67,1,45,0,59,0,63,0,40,0,36,0,,,,
909,910,81,0,55,0,78,0,90,2,58,0,49,0,,,,
910,911,104,0,75,0,100,0,110,3,75,0,66,0,,,,
911,912,55,0,65,1,45,0,50,0,45,0,50,0,,,,
912,913,70,0,85,2,65,0,65,0,60,0,65,0,,,,
913,914,85,0,120,3,80,0,85,0,75,0,85,0,,,,
914,915,54,1,45,0,40,0,35,0,45,0,35,0,,,,
915,916,110,2,100,0,75,0,59,0,80,0,65,0,,,,
916,917,35,0,41,0,45,1,29,0,40,0,20,0,,,,
917,918,60,0,79,0,92,2,52,0,86,0,35,0,,,,
918,919,33,0,46,1,40,0,21,0,25,0,45,0,,,,
919,920,71,0,102,2,78,0,52,0,55,0,92,0,,,,
920,921,45,0,50,0,20,0,40,0,25,0,60,1,,,,
921,922,60,0,75,0,40,0,50,0,40,0,85,2,,,,
922,923,70,0,115,3,70,0,70,0,60,0,105,0,,,,
923,924,50,0,50,0,45,0,40,0,45,0,75,1,,,,
924,925,74,0,75,0,70,0,65,0,75,0,111,2,,,,
925,926,37,0,55,0,70,0,30,0,55,0,65,1,,,,
926,927,57,0,80,0,115,0,50,0,80,0,95,2,,,,
927,928,41,0,35,0,45,0,58,1,51,0,30,0,,,,
928,929,52,0,53,0,60,0,78,2,78,0,33,0,,,,
929,930,78,0,69,0,90,0,125,3,109,0,39,0,,,,
930,931,82,0,96,1,51,0,45,0,51,0,92,0,,,,
931,932,55,0,55,0,75,1,35,0,35,0,25,0,,,,
932,933,60,0,60,0,100,2,35,0,65,0,35,0,,,,
933,934,100,0,100,0,130,3,45,0,90,0,35,0,,,,
934,935,40,0,50,0,40,0,50,1,40,0,35,0,,,,
935,936,85,0,60,0,100,0,125,2,80,0,75,0,,,,
936,937,75,0,125,2,80,0,60,0,100,0,85,0,,,,
937,938,61,1,31,0,41,0,59,0,35,0,45,0,,,,
938,939,109,2,64,0,91,0,103,0,83,0,45,0,,,,
939,940,40,0,40,0,35,0,55,0,40,0,70,1,,,,
940,941,70,0,70,0,60,0,105,0,60,0,125,2,,,,
941,942,60,0,78,1,60,0,40,0,51,0,51,0,,,,
942,943,80,0,120,2,90,0,60,0,70,0,85,0,,,,
943,944,40,0,65,0,35,0,40,0,35,0,75,1,,,,
944,945,63,0,95,0,65,0,80,0,72,0,110,2,,,,
945,946,40,0,65,1,30,0,45,0,35,0,60,0,,,,
946,947,55,0,115,2,70,0,80,0,70,0,90,0,,,,
947,948,40,0,40,0,35,0,50,0,100,1,70,0,,,,
948,949,80,0,70,0,65,0,80,0,120,2,100,0,,,,
949,950,70,0,100,0,115,2,35,0,55,0,75,0,,,,
950,951,50,0,62,1,40,0,62,0,40,0,50,0,,,,
951,952,65,0,108,2,65,0,108,0,65,0,75,0,,,,
952,953,41,0,50,0,60,1,31,0,58,0,30,0,,,,
953,954,75,0,50,0,85,0,115,2,100,0,45,0,,,,
954,955,30,0,35,0,30,0,55,0,30,0,75,1,,,,
955,956,95,0,60,0,60,0,101,0,60,0,105,2,,,,
956,957,50,0,45,0,45,0,35,0,64,1,58,0,,,,
957,958,65,0,55,0,55,0,45,0,82,2,78,0,,,,
958,959,85,0,75,0,77,0,70,0,105,3,94,0,,,,
959,960,10,0,55,0,25,0,35,0,25,0,95,1,,,,
960,961,35,0,100,0,50,0,50,0,70,0,120,2,,,,
961,962,70,0,103,2,85,0,60,0,85,0,82,0,,,,
962,963,70,0,45,0,40,0,45,0,40,0,75,1,,,,
963,964,100,2,70,0,72,0,53,0,62,0,100,0,,,,
964,965,45,0,70,1,63,0,30,0,45,0,47,0,,,,
965,966,80,0,119,2,90,0,54,0,67,0,90,0,,,,
966,967,70,0,95,0,65,0,85,0,65,0,121,2,,,,
967,968,70,0,85,0,145,2,60,0,55,0,65,0,,,,
968,969,48,0,35,0,42,0,105,1,60,0,60,0,,,,
969,970,83,0,55,0,90,0,130,2,81,0,86,0,,,,
970,971,50,0,61,1,60,0,30,0,55,0,34,0,,,,
971,972,72,0,101,2,100,0,50,0,97,0,68,0,,,,
972,973,82,0,115,2,74,0,75,0,64,0,90,0,,,,
973,974,108,1,68,0,45,0,30,0,40,0,43,0,,,,
974,975,170,2,113,0,65,0,45,0,55,0,73,0,,,,
975,976,90,0,102,2,73,0,78,0,65,0,70,0,,,,
976,977,150,3,100,0,115,0,65,0,65,0,35,0,,,,
977,978,68,0,50,0,60,0,120,2,95,0,82,0,,,,
978,979,110,0,115,3,80,0,50,0,90,0,90,0,,,,
979,980,130,2,75,0,60,0,45,0,100,0,20,0,,,,
980,981,120,3,90,0,70,0,110,0,70,0,60,0,,,,
981,982,125,2,100,0,80,0,85,0,75,0,55,0,,,,
982,983,100,0,135,3,120,0,60,0,85,0,50,0,,,,
983,984,115,0,131,3,131,0,53,0,53,0,87,0,,,,
984,985,115,3,65,0,99,0,65,0,115,0,111,0,,,,
985,986,111,0,127,3,99,0,79,0,99,0,55,0,,,,
986,987,55,0,55,0,55,0,135,1,135,1,135,1,,,,
987,988,85,0,135,3,79,0,85,0,105,0,81,0,,,,
988,989,85,0,81,0,97,0,121,3,85,0,101,0,,,,
989,990,90,0,112,0,120,3,72,0,70,0,106,0,,,,
990,991,56,0,80,0,114,0,124,0,60,0,136,3,,,,
991,992,154,0,140,3,108,0,50,0,68,0,50,0,,,,
992,993,94,0,80,0,86,0,122,3,80,0,108,0,,,,
993,994,80,0,70,0,60,0,140,3,110,0,110,0,,,,
994,995,100,0,134,3,110,0,70,0,84,0,72,0,,,,
995,996,65,0,75,1,45,0,35,0,45,0,55,0,,,,
996,997,90,0,95,2,66,0,45,0,65,0,62,0,,,,
997,998,115,0,145,3,92,0,75,0,86,0,87,0,,,,
998,999,45,0,30,0,70,0,75,1,70,0,10,0,,,,
999,1000,87,0,60,0,95,0,133,2,91,0,84,0,,,,
1000,1001,85,0,85,0,100,0,95,0,135,3,70,0,,,,
1001,1002,80,0,120,0,80,0,90,0,65,0,135,3,,,,
1002,1003,155,0,110,0,125,3,55,0,80,0,45,0,,,,
1003,1004,55,0,80,0,80,0,135,3,120,0,100,0,,,,
1004,1005,105,0,139,3,71,0,55,0,101,0,119,0,,,,
1005,1006,74,0,130,3,90,0,120,0,60,0,116,0,,,,
1006,1007,100,0,135,3,115,0,85,0,100,0,135,0,,,,
1007,1008,100,0,85,0,100,0,135,3,115,0,135,0,,,,
1008,1009,99,0,83,0,91,0,125,3,83,0,109,0,,,,
1009,1010,90,0,130,3,88,0,70,0,108,0,104,0,,,,
1010,1011,80,0,80,0,110,2,95,0,80,0,40,0,,,,
1011,1012,40,0,45,0,45,0,74,1,54,0,50,0,,,,
1012,1013,71,0,60,0,106,0,121,2,80,0,70,0,,,,
1013,1014,88,0,128,3,115,0,58,0,86,0,80,0,,,,
1014,1015,88,0,75,0,66,0,130,3,90,0,106,0,,,,
1015,1016,88,0,91,0,82,0,70,0,125,3,99,0,,,,
1016,1017,80,0,120,3,84,0,60,0,96,0,110,0,,,,
1017,1018,90,0,105,0,130,3,125,0,65,0,85,0,,,,
1018,1019,106,0,80,0,110,0,120,3,80,0,44,0,,,,
1019,1020,105,0,115,0,121,3,65,0,93,0,91,0,,,,
1020,1021,125,0,73,0,91,0,137,3,89,0,75,0,,,,
1021,1022,90,0,120,0,80,0,68,0,108,0,124,3,,,,
1022,1023,90,0,72,0,100,0,122,3,108,0,98,0,,,,
1023,1024,90,0,65,0,85,1,65,0,85,0,60,0,,,,
1024,1025,88,0,88,0,160,3,88,0,88,0,88,0,,,,
1025,10001,50,0,180,2,20,0,180,1,20,0,150,0,,,,
1026,10002,50,0,70,0,160,2,70,0,160,1,90,0,,,,
1027,10003,50,0,95,0,90,0,95,0,90,0,180,3,,,,
1028,10004,60,0,79,0,105,2,59,0,85,0,36,0,,,,
1029,10005,60,0,69,0,95,1,69,0,95,1,36,0,,,,
1030,10006,100,0,103,0,75,0,120,0,75,0,127,3,,,,
1031,10007,150,3,120,0,100,0,120,0,100,0,90,0,,,,
1032,10008,50,0,65,0,107,0,105,1,107,0,86,1,,,,
1033,10009,50,0,65,0,107,0,105,1,107,0,86,1,,,,
1034,10010,50,0,65,0,107,0,105,1,107,0,86,1,,,,
1035,10011,50,0,65,0,107,0,105,1,107,0,86,1,,,,
1036,10012,50,0,65,0,107,0,105,1,107,0,86,1,,,,
1037,10013,70,1,70,0,70,0,70,0,70,0,70,0,,,,
1038,10014,70,1,70,0,70,0,70,0,70,0,70,0,,,,
1039,10015,70,1,70,0,70,0,70,0,70,0,70,0,,,,
1040,10016,70,0,92,0,65,0,80,0,55,0,98,2,,,,
1041,10017,105,0,30,0,105,0,140,2,105,0,55,0,,,,
1042,10018,100,0,128,1,90,1,77,0,77,0,128,1,,,,
1043,10019,79,0,100,0,80,0,110,0,90,0,121,3,,,,
1044,10020,79,0,105,0,70,0,145,3,80,0,101,0,,,,
1045,10021,89,0,145,3,90,0,105,0,80,0,91,0,,,,
1046,10022,125,0,170,3,100,0,120,0,90,0,95,0,,,,
1047,10023,125,0,120,0,90,0,170,3,100,0,95,0,,,,
1048,10024,91,0,72,0,90,0,129,3,90,0,108,0,,,,
1049,10025,74,0,48,0,76,0,83,0,81,0,104,2,,,,
1050,10026,60,0,140,2,50,0,140,1,50,0,60,0,,,,
1051,10027,44,0,66,0,70,1,44,0,55,0,56,0,,,,
1052,10028,54,0,66,0,70,1,44,0,55,0,46,0,,,,
1053,10029,59,0,66,0,70,1,44,0,55,0,41,0,,,,
1054,10030,55,0,85,0,122,2,58,0,75,0,99,0,,,,
1055,10031,75,0,95,0,122,2,58,0,75,0,69,0,,,,
1056,10032,85,0,100,0,122,2,58,0,75,0,54,0,,,,
1057,10033,80,0,100,0,123,0,122,2,120,1,80,0,,,,
1058,10034,78,0,130,0,111,0,130,3,85,0,100,0,,,,
1059,10035,78,0,104,0,78,0,159,3,115,0,100,0,,,,
1060,10036,79,0,103,0,120,0,135,0,115,3,78,0,,,,
1061,10037,55,0,50,0,65,0,175,3,105,0,150,0,,,,
1062,10038,60,0,65,0,80,0,170,3,95,0,130,0,,,,
1063,10039,105,2,125,0,100,0,60,0,100,0,100,0,,,,
1064,10040,65,0,155,2,120,0,65,0,90,0,105,0,,,,
1065,10041,95,0,155,2,109,0,70,0,130,0,81,0,,,,
1066,10042,80,0,135,0,85,0,70,0,95,0,150,2,,,,
1067,10043,106,0,190,0,100,0,154,3,100,0,130,0,,,,
1068,10044,106,0,150,0,70,0,194,3,120,0,140,0,,,,
1069,10045,90,0,95,0,105,0,165,3,110,0,45,0,,,,
1070,10046,70,0,150,2,140,0,65,0,100,0,75,0,,,,
1071,10047,80,0,185,2,115,0,40,0,105,0,75,0,,,,
1072,10048,75,0,90,0,90,0,140,2,90,0,115,0,,,,
1073,10049,100,0,164,3,150,0,95,0,120,0,71,0,,,,
1074,10050,80,0,160,3,80,0,130,0,80,0,100,0,,,,
1075,10051,68,0,85,0,65,0,165,3,135,0,100,0,,,,
1076,10052,50,0,105,1,125,1,55,0,95,0,50,0,,,,
1077,10053,70,0,140,0,230,3,60,0,80,0,50,0,,,,
1078,10054,60,0,100,0,85,0,80,0,85,0,100,2,,,,
1079,10055,70,0,75,0,80,0,135,0,80,0,135,2,,,,
1080,10056,64,0,165,2,75,0,93,0,83,0,75,0,,,,
1081,10057,65,0,150,2,60,0,115,0,60,0,115,0,,,,
1082,10058,108,0,170,3,115,0,120,0,95,0,92,0,,,,
1083,10059,70,0,145,1,88,0,140,1,70,0,112,0,,,,
1084,10060,90,0,132,1,105,0,132,1,105,0,30,0,,,,
1085,10061,74,0,65,0,67,0,125,0,128,2,92,0,,,,
1086,10062,80,0,100,0,120,0,140,0,150,3,110,0,,,,
1087,10063,80,0,130,0,100,0,160,3,120,0,110,0,,,,
1088,10064,100,0,150,3,110,0,95,0,110,0,70,0,,,,
1089,10065,70,0,110,0,75,0,145,0,85,0,145,3,,,,
1090,10066,50,0,85,1,125,1,85,0,115,0,20,0,,,,
1091,10067,75,0,110,0,110,0,110,0,105,2,80,0,,,,
1092,10068,68,0,165,3,95,0,65,0,115,0,110,0,,,,
1093,10069,103,2,60,0,126,0,80,0,126,0,50,0,,,,
1094,10070,70,0,140,2,70,0,110,0,65,0,105,0,,,,
1095,10071,95,0,75,0,180,2,130,0,80,0,30,0,,,,
1096,10072,75,0,125,0,230,2,55,0,95,0,30,0,,,,
1097,10073,83,0,80,0,80,0,135,0,80,0,121,3,,,,
1098,10074,80,2,120,0,80,0,120,0,80,0,100,0,,,,
1099,10075,50,0,160,0,110,1,160,0,110,2,110,0,,,,
1100,10076,80,0,145,0,150,3,105,0,110,0,110,0,,,,
1101,10077,100,0,150,0,90,0,180,3,160,0,90,0,,,,
1102,10078,100,0,180,3,160,0,150,0,90,0,90,0,,,,
1103,10079,105,0,180,2,100,0,180,1,100,0,115,0,,,,
1104,10080,35,0,55,0,40,0,50,0,50,0,90,2,,,,
1105,10081,35,0,55,0,40,0,50,0,50,0,90,2,,,,
1106,10082,35,0,55,0,40,0,50,0,50,0,90,2,,,,
1107,10083,35,0,55,0,40,0,50,0,50,0,90,2,,,,
1108,10084,35,0,55,0,40,0,50,0,50,0,90,2,,,,
1109,10085,35,0,55,0,40,0,50,0,50,0,90,2,,,,
1110,10086,80,0,160,0,60,0,170,3,130,0,80,0,,,,
1111,10087,70,0,120,1,100,0,145,1,105,0,20,0,,,,
1112,10088,65,0,136,0,94,0,54,0,96,0,135,2,,,,
1113,10089,95,0,145,3,130,0,120,0,90,0,120,0,,,,
1114,10090,65,0,150,2,40,0,15,0,80,1,145,0,,,,
1115,10091,30,0,56,0,35,0,25,0,35,0,72,1,,,,
1116,10092,75,0,71,0,70,0,40,0,80,0,77,2,,,,
1117,10093,75,0,71,0,70,0,40,0,80,0,77,2,,,,
1118,10094,35,0,55,0,40,0,50,0,50,0,90,2,,,,
1119,10095,35,0,55,0,40,0,50,0,50,0,90,2,,,,
1120,10096,35,0,55,0,40,0,50,0,50,0,90,2,,,,
1121,10097,35,0,55,0,40,0,50,0,50,0,90,2,,,,
1122,10098,35,0,55,0,40,0,50,0,50,0,90,2,,,,
1123,10099,35,0,55,0,40,0,50,0,50,0,90,2,,,,
1124,10100,60,0,85,0,50,0,95,0,85,0,110,3,,,,
1125,10101,50,0,75,0,90,1,10,0,35,0,40,0,,,,
1126,10102,75,0,100,0,120,2,25,0,65,0,65,0,,,,
1127,10103,38,0,41,0,40,0,50,0,65,0,65,1,,,,
1128,10104,73,0,67,0,75,0,81,0,100,0,109,2,,,,
1129,10105,10,0,55,0,30,0,35,0,45,0,90,1,,,,
1130,10106,35,0,100,2,60,0,50,0,70,0,110,0,,,,
1131,10107,40,0,35,0,35,0,50,0,40,0,90,1,,,,
1132,10108,65,0,60,0,60,0,75,0,65,0,115,2,,,,
1133,10109,40,0,80,0,100,1,30,0,30,0,20,0,,,,
1134,10110,55,0,95,0,115,2,45,0,45,0,35,0,,,,
1135,10111,80,0,120,0,130,3,55,0,65,0,45,0,,,,
1136,10112,80,1,80,0,50,0,40,0,50,0,25,0,,,,
1137,10113,105,1,105,1,75,0,65,0,100,0,50,0,,,,
1138,10114,95,0,105,0,85,0,125,2,75,0,45,0,,,,
1139,10115,60,0,80,0,110,2,50,0,80,0,45,0,,,,
1140,10116,72,0,95,0,67,0,103,0,71,0,122,3,,,,
1141,10117,72,0,145,0,67,0,153,0,71,0,132,3,,,,
1142,10118,54,3,100,0,71,0,61,0,85,0,115,0,,,,
1143,10119,108,3,100,0,121,0,81,0,95,0,95,0,,,,
1144,10120,216,3,100,0,121,0,91,0,95,0,85,0,,,,
1145,10121,88,0,110,2,60,0,55,0,60,0,45,0,,,,
1146,10122,77,0,70,0,90,0,145,3,75,0,43,0,,,,
1147,10123,75,0,70,0,70,0,98,2,70,0,93,0,,,,
1148,10124,75,0,70,0,70,0,98,2,70,0,93,0,,,,
1149,10125,75,0,70,0,70,0,98,2,70,0,93,0,,,,
1150,10126,85,0,115,2,75,0,55,0,75,0,82,0,,,,
1151,10127,45,1,140,0,130,0,140,0,135,0,30,0,,,,
1152,10128,70,0,105,2,90,0,80,0,90,0,45,0,,,,
1153,10129,68,0,64,0,60,0,111,0,60,0,117,2,,,,
1154,10130,60,0,60,0,100,1,60,0,100,1,60,0,,,,
1155,10131,60,0,60,0,100,1,60,0,100,1,60,0,,,,
1156,10132,60,0,60,0,100,1,60,0,100,1,60,0,,,,
1157,10133,60,0,60,0,100,1,60,0,100,1,60,0,,,,
1158,10134,60,0,60,0,100,1,60,0,100,1,60,0,,,,
1159,10135,60,0,60,0,100,1,60,0,100,1,60,0,,,,
1160,10136,60,0,100,1,60,0,100,1,60,0,120,0,,,,
1161,10137,60,0,100,1,60,0,100,1,60,0,120,0,,,,
1162,10138,60,0,100,1,60,0,100,1,60,0,120,0,,,,
1163,10139,60,0,100,1,60,0,100,1,60,0,120,0,,,,
1164,10140,60,0,100,1,60,0,100,1,60,0,120,0,,,,
1165,10141,60,0,100,1,60,0,100,1,60,0,120,0,,,,
1166,10142,60,0,100,1,60,0,100,1,60,0,120,0,,,,
1167,10143,55,0,90,0,80,0,50,0,105,2,96,0,,,,
1168,10144,55,0,90,0,80,0,50,0,105,2,96,0,,,,
1169,10145,55,0,90,0,80,0,50,0,105,2,96,0,,,,
1170,10146,75,0,110,0,125,3,100,0,105,0,85,0,,,,
1171,10147,80,0,95,0,115,0,130,3,115,0,65,0,,,,
1172,10148,35,0,55,0,40,0,50,0,50,0,90,2,,,,
1173,10149,60,0,80,0,110,2,50,0,80,0,45,0,,,,
1174,10150,60,0,55,0,60,0,95,0,70,0,124,2,,,,
1175,10151,45,0,65,1,40,0,30,0,40,0,60,0,,,,
1176,10152,75,0,117,2,65,0,55,0,65,0,110,0,,,,
1177,10153,68,0,70,0,92,0,50,0,132,2,42,0,,,,
1178,10154,65,0,98,2,63,0,40,0,73,0,96,0,,,,
1179,10155,97,0,157,3,127,0,113,0,109,0,77,0,,,,
1180,10156,97,0,113,0,109,0,157,3,127,0,77,0,,,,
1181,10157,97,0,167,1,97,0,167,1,97,0,129,1,,,,
1182,10158,45,0,80,0,50,0,75,0,60,0,120,2,,,,
1183,10159,65,0,75,0,70,0,65,0,85,1,75,0,,,,
1184,10160,35,0,55,0,40,0,50,0,50,0,90,2,,,,
1185,10161,50,0,65,1,55,0,40,0,40,0,40,0,,,,
1186,10162,50,0,85,0,55,0,65,0,65,0,90,1,,,,
1187,10163,65,0,100,0,70,0,80,0,80,0,105,2,,,,
1188,10164,90,1,65,0,65,0,40,0,40,0,15,0,,,,
1189,10165,95,0,100,2,95,0,100,0,70,0,30,0,,,,
1190,10166,52,0,95,1,55,0,58,0,62,0,55,0,,,,
1191,10167,65,0,90,0,120,2,85,0,70,0,60,0,,,,
1192,10168,50,0,65,0,65,0,90,0,90,0,100,2,,,,
1193,10169,90,0,85,0,85,0,125,3,100,0,95,0,,,,
1194,10170,90,0,125,3,90,0,85,0,90,0,100,0,,,,
1195,10171,90,0,85,0,90,0,100,0,125,3,90,0,,,,
1196,10172,95,0,65,0,80,0,110,0,110,2,30,0,,,,
1197,10173,60,0,55,0,100,0,65,0,100,1,30,0,,,,
1198,10174,38,0,30,0,41,0,30,0,41,0,60,1,,,,
1199,10175,78,0,70,0,61,0,50,0,61,0,100,2,,,,
1200,10176,70,0,90,1,45,0,15,0,45,0,50,0,,,,
1201,10177,105,0,140,2,55,0,30,0,55,0,95,0,,,,
1202,10178,105,0,160,0,55,0,30,2,55,0,135,0,,,,
1203,10179,38,0,55,0,85,1,30,0,65,0,30,0,,,,
1204,10180,109,2,81,0,99,0,66,0,84,0,32,0,,,,
1205,10181,54,3,100,0,71,0,61,0,85,0,115,0,,,,
1206,10182,70,0,85,0,55,0,85,0,95,2,85,0,,,,
1207,10183,70,0,85,0,55,0,85,0,95,2,85,0,,,,
1208,10184,75,0,98,0,70,0,114,2,70,0,75,0,,,,
1209,10185,75,0,80,0,70,2,65,0,50,0,130,0,,,,
1210,10186,70,0,55,0,65,0,95,0,105,2,85,0,,,,
1211,10187,58,0,95,0,58,0,70,0,58,0,97,2,,,,
1212,10188,92,0,150,0,115,0,80,0,115,0,148,3,,,,
1213,10189,92,0,120,0,140,0,80,0,140,0,128,3,,,,
1214,10190,255,3,115,0,250,0,125,0,250,0,130,0,,,,
1215,10191,100,0,130,3,100,0,63,0,60,0,97,0,,,,
1216,10192,105,0,120,3,105,0,70,0,95,0,105,0,,,,
1217,10193,100,0,165,3,150,0,85,0,130,0,50,0,,,,
1218,10194,100,0,85,0,80,0,165,3,100,0,150,0,,,,
1219,10195,80,0,82,0,83,0,100,2,100,1,80,0,,,,
1220,10196,78,0,84,0,78,0,109,3,85,0,100,0,,,,
1221,10197,79,0,83,0,100,0,85,0,105,3,78,0,,,,
1222,10198,60,0,45,0,50,0,90,2,80,1,70,0,,,,
1223,10199,35,0,55,0,40,0,50,0,50,0,90,2,,,,
1224,10200,40,0,45,0,35,0,40,0,40,0,90,1,,,,
1225,10201,90,0,130,3,80,0,65,0,85,0,55,0,,,,
1226,10202,60,0,65,0,60,0,130,3,75,0,110,0,,,,
1227,10203,55,0,130,2,115,0,50,0,50,0,75,0,,,,
1228,10204,130,2,85,0,80,0,85,0,95,0,60,0,,,,
1229,10205,55,0,55,0,50,0,45,0,65,1,55,0,,,,
1230,10206,160,2,110,0,65,0,65,0,110,0,30,0,,,,
1231,10207,80,0,95,2,82,0,60,0,82,0,75,0,,,,
1232,10208,135,0,143,3,143,0,80,0,65,0,34,0,,,,
1233,10209,100,0,125,3,90,0,60,0,70,0,85,0,,,,
1234,10210,80,0,116,0,75,0,65,0,75,0,119,3,,,,
1235,10211,70,0,85,0,65,0,125,0,65,0,120,3,,,,
1236,10212,98,0,87,0,105,3,53,0,85,0,67,0,,,,
1237,10213,60,0,45,0,110,0,80,0,120,3,90,0,,,,
1238,10214,90,0,115,2,90,0,48,0,68,0,74,0,,,,
1239,10215,110,0,80,0,120,3,80,0,90,0,30,0,,,,
1240,10216,70,0,110,2,80,0,95,0,60,0,70,0,,,,
1241,10217,110,2,85,0,80,0,100,0,80,0,30,0,,,,
1242,10218,72,0,107,0,125,2,65,0,70,0,71,0,,,,
1243,10219,75,0,98,0,70,0,114,2,70,0,75,0,,,,
1244,10220,100,0,115,2,65,0,90,0,90,0,65,0,,,,
1245,10221,57,0,90,0,95,0,136,3,103,0,29,0,,,,
1246,10222,95,0,120,3,65,0,95,0,75,0,60,0,,,,
1247,10223,65,0,60,0,75,0,110,0,121,2,64,0,,,,
1248,10224,122,0,130,2,69,0,80,0,69,0,30,0,,,,
1249,10225,70,0,95,0,115,0,120,2,50,0,85,0,,,,
1250,10226,100,0,130,3,100,0,63,0,60,0,97,0,,,,
1251,10227,100,0,130,3,100,0,63,0,60,0,97,0,,,,
1252,10228,75,0,98,0,70,0,114,2,70,0,75,0,,,,
1253,10229,60,0,75,1,45,0,65,0,50,0,55,0,,,,
1254,10230,95,0,115,2,80,0,95,0,80,0,90,0,,,,
1255,10231,40,0,30,0,50,0,55,0,55,0,100,1,,,,
1256,10232,60,0,50,0,70,0,80,0,80,0,150,2,,,,
1257,10233,73,0,84,0,78,0,119,3,85,0,95,0,,,,
1258,10234,65,0,95,1,85,0,55,0,55,0,85,0,,,,
1259,10235,55,0,95,0,55,0,35,0,75,0,115,1,,,,
1260,10236,90,0,108,0,80,0,100,3,65,0,85,0,,,,
1261,10237,70,0,105,0,75,0,50,2,75,0,105,0,,,,
1262,10238,35,0,60,0,40,0,85,1,40,0,70,0,,,,
1263,10239,55,0,100,0,60,0,125,2,60,0,110,0,,,,
1264,10240,110,0,83,2,70,0,112,0,70,0,65,0,,,,
1265,10241,58,0,75,0,83,0,83,0,113,2,40,0,,,,
1266,10242,80,0,100,0,100,0,110,0,150,3,60,0,,,,
1267,10243,95,0,127,0,184,2,34,0,36,0,38,0,,,,
1268,10244,88,0,112,3,80,0,95,0,95,0,60,0,,,,
1269,10245,100,0,100,0,120,0,150,3,120,0,90,0,,,,
1270,10246,90,0,100,0,100,0,150,3,120,0,120,0,,,,
1271,10247,70,0,92,0,65,0,80,0,55,0,98,2,,,,
1272,10248,120,2,92,0,65,0,100,0,75,0,78,0,,,,
1273,10249,74,0,115,3,110,0,135,0,100,0,46,0,,,,
1274,10250,75,0,110,2,105,0,30,0,70,0,100,0,,,,
1275,10251,75,0,110,2,105,0,30,0,70,0,100,0,,,,
1276,10252,75,0,110,2,105,0,30,0,70,0,100,0,,,,
1277,10253,55,1,45,0,45,0,25,0,25,0,15,0,,,,
1278,10254,115,2,90,0,70,0,59,0,90,0,65,0,,,,
1279,10255,125,2,100,0,80,0,85,0,75,0,55,0,,,,
1280,10256,100,2,160,0,97,0,106,0,87,0,100,0,,,,
1281,10257,74,0,75,0,70,0,65,0,75,0,111,2,,,,
1282,10258,68,0,50,0,60,0,120,2,95,0,82,0,,,,
1283,10259,68,0,50,0,60,0,120,2,95,0,82,0,,,,
1284,10260,82,0,96,1,51,0,45,0,51,0,92,0,,,,
1285,10261,82,0,96,1,51,0,45,0,51,0,92,0,,,,
1286,10262,82,0,96,1,51,0,45,0,51,0,92,0,,,,
1287,10263,45,0,30,0,25,0,75,1,45,0,80,0,,,,
1288,10264,100,0,135,3,115,0,85,0,100,0,135,0,,,,
1289,10265,100,0,135,3,115,0,85,0,100,0,135,0,,,,
1290,10266,100,0,135,3,115,0,85,0,100,0,135,0,,,,
1291,10267,100,0,135,3,115,0,85,0,100,0,135,0,,,,
1292,10268,100,0,85,0,100,0,135,3,115,0,135,0,,,,
1293,10269,100,0,85,0,100,0,135,3,115,0,135,0,,,,
1294,10270,100,0,85,0,100,0,135,3,115,0,135,0,,,,
1295,10271,100,0,85,0,100,0,135,3,115,0,135,0,,,,
1296,10272,113,0,70,3,120,0,135,0,65,0,52,0,,,,
1297,10273,80,0,120,3,84,0,60,0,96,0,110,0,,,,
1298,10274,80,0,120,3,84,0,60,0,96,0,110,0,,,,
1299,10275,80,0,120,3,84,0,60,0,96,0,110,0,,,,
1300,10276,95,0,95,0,110,2,105,0,110,2,85,0,,,,
1301,10277,160,3,105,0,110,0,130,0,110,0,85,0,,,,
